/*
SQLyog Community v13.1.6 (64 bit)
MySQL - 5.7.37-0ubuntu0.18.04.1 : Database - ggtc_staging_cfs
*********************************************************************
*/

/*!40101 SET NAMES utf8 */;

/*!40101 SET SQL_MODE=''*/;

/*!40014 SET @OLD_UNIQUE_CHECKS=@@UNIQUE_CHECKS, UNIQUE_CHECKS=0 */;
/*!40014 SET @OLD_FOREIGN_KEY_CHECKS=@@FOREIGN_KEY_CHECKS, FOREIGN_KEY_CHECKS=0 */;
/*!40101 SET @OLD_SQL_MODE=@@SQL_MODE, SQL_MODE='NO_AUTO_VALUE_ON_ZERO' */;
/*!40111 SET @OLD_SQL_NOTES=@@SQL_NOTES, SQL_NOTES=0 */;
CREATE DATABASE /*!32312 IF NOT EXISTS*/`ggtc_staging_cfs` /*!40100 DEFAULT CHARACTER SET latin1 */;

USE `ggtc_staging_cfs`;

/*Table structure for table `companies` */

DROP TABLE IF EXISTS `companies`;

CREATE TABLE `companies` (
  `id` bigint(20) unsigned NOT NULL AUTO_INCREMENT,
  `name` varchar(191) COLLATE utf8mb4_unicode_ci NOT NULL,
  `created_at` timestamp NULL DEFAULT NULL,
  `updated_at` timestamp NULL DEFAULT NULL,
  `deleted_at` timestamp NULL DEFAULT NULL,
  PRIMARY KEY (`id`)
) ENGINE=InnoDB AUTO_INCREMENT=580 DEFAULT CHARSET=utf8mb4 COLLATE=utf8mb4_unicode_ci;

/*Data for the table `companies` */

insert  into `companies`(`id`,`name`,`created_at`,`updated_at`,`deleted_at`) values 
(382,'British American Tobacco','2022-05-02 07:04:40','2022-05-02 07:04:40',NULL),
(383,'BAT (British American Tobacco) part of BAT Central Europe South & BAT Adria','2022-05-02 07:04:40','2022-05-02 07:04:40',NULL),
(384,'BAT (British American Tobacco)','2022-05-02 07:04:40','2022-05-02 07:04:40',NULL),
(385,'JTI Algeria','2022-05-02 07:04:40','2022-05-02 07:04:40',NULL),
(386,'JTI Andorra','2022-05-02 07:04:40','2022-05-02 07:04:40',NULL),
(387,'JTI Angola','2022-05-02 07:04:40','2022-05-02 07:04:40',NULL),
(388,'Philip Morris International','2022-05-02 07:04:40','2022-05-02 07:04:40',NULL),
(389,'State Monopoly','2022-05-02 07:04:40','2022-05-02 07:04:40',NULL),
(390,'JT Group','2022-05-02 07:04:40','2022-05-02 07:04:40',NULL),
(391,'Imperial Tobacco (Asia) Pte. Ltd.','2022-05-02 07:04:40','2022-05-02 07:04:40',NULL),
(392,'Japan Tobacco International/Gallaher','2022-05-02 07:04:40','2022-05-02 07:04:40',NULL),
(393,'BAT (British American Tobacco) Part of BAT Central Europe North','2022-05-02 07:04:40','2022-05-02 07:04:40',NULL),
(394,'Berndorf','2022-05-02 07:04:40','2022-05-02 07:04:40',NULL),
(395,'Cahan Tobacco International','2022-05-02 07:04:40','2022-05-02 07:04:40',NULL),
(396,'JTI Azerbaijan','2022-05-02 07:04:40','2022-05-02 07:04:40',NULL),
(397,'ITB Corporation Limited','2022-05-02 07:04:40','2022-05-02 07:04:40',NULL),
(398,'BAT (British American Tobacco) part of BAT Middle East','2022-05-02 07:04:40','2022-05-02 07:04:40',NULL),
(399,'BAT Bangladesh','2022-05-02 07:04:40','2022-05-02 07:04:40',NULL),
(400,'Japan Tobacco International','2022-05-02 07:04:40','2022-05-02 07:04:40',NULL),
(401,'JTI Belarus','2022-05-02 07:04:40','2022-05-02 07:04:40',NULL),
(402,'Imperial Tobacco/ Altadis','2022-05-02 07:04:40','2022-05-02 07:04:40',NULL),
(403,'BAT (British American Tobacco) Tomra','2022-05-02 07:04:40','2022-05-02 07:04:40',NULL),
(404,'JTI Belguim','2022-05-02 07:04:40','2022-05-02 07:04:40',NULL),
(405,'Bowen and Bowen Ltd.','2022-05-02 07:04:40','2022-05-02 07:04:40',NULL),
(406,'Compana Industrial de Tabaco SA (CITSA)','2022-05-02 07:04:40','2022-05-02 07:04:40',NULL),
(407,'AIDSA','2022-05-02 07:04:40','2022-05-02 07:04:40',NULL),
(408,'BIS Overseas (JTI distributor)','2022-05-02 07:04:40','2022-05-02 07:04:40',NULL),
(409,'  Imperial Brands (IMB) (100%)','2022-05-02 07:04:41','2022-05-02 07:04:41',NULL),
(410,'British American Tobacco (BAT) Botswana','2022-05-02 07:04:41','2022-05-02 07:04:41',NULL),
(411,'Benson Craig (Pty) Ltd','2022-05-02 07:04:41','2022-05-02 07:04:41',NULL),
(412,'F&G Botswana (PTY) Ltd.','2022-05-02 07:04:41','2022-05-02 07:04:41',NULL),
(413,'British American Tobacco Brasil','2022-05-02 07:04:41','2022-05-02 07:04:41',NULL),
(414,'Philip Morris Brasil','2022-05-02 07:04:41','2022-05-02 07:04:41',NULL),
(415,'Aiger Group Switzerland','2022-05-02 07:04:41','2022-05-02 07:04:41',NULL),
(416,'Alliance One (Pyxus)','2022-05-02 07:04:41','2022-05-02 07:04:41',NULL),
(417,'Imperial Tobacco','2022-05-02 07:04:41','2022-05-02 07:04:41',NULL),
(418,'Japan Tobacco','2022-05-02 07:04:41','2022-05-02 07:04:41',NULL),
(419,'Philip Morris','2022-05-02 07:04:41','2022-05-02 07:04:41',NULL),
(420,'Imperial Brands','2022-05-02 07:04:41','2022-05-02 07:04:41',NULL),
(421,'Huotraco International','2022-05-02 07:04:41','2022-05-02 07:04:41',NULL),
(422,'Viniton','2022-05-02 07:04:41','2022-05-02 07:04:41',NULL),
(423,'Imperial Brands (IMB) (100%)','2022-05-02 07:04:41','2022-05-02 07:04:41',NULL),
(424,'Imperial Brands (IMB) (95%)','2022-05-02 07:04:41','2022-05-02 07:04:41',NULL),
(425,'British American Tobacco Chile','2022-05-02 07:04:41','2022-05-02 07:04:41',NULL),
(426,'TANASE','2022-05-02 07:04:41','2022-05-02 07:04:41',NULL),
(427,'China National Tobacco Corporation ','2022-05-02 07:04:41','2022-05-02 07:04:41',NULL),
(428,'Philip Morris International Costa Rica','2022-05-02 07:04:41','2022-05-02 07:04:41',NULL),
(429,'British American Tobacco Central América','2022-05-02 07:04:41','2022-05-02 07:04:41',NULL),
(430,'Société Ivoirienne des Tabacs','2022-05-02 07:04:41','2022-05-02 07:04:41',NULL),
(431,'IDT','2022-05-02 07:04:41','2022-05-02 07:04:41',NULL),
(432,'CDCI Afrique Tabac','2022-05-02 07:04:41','2022-05-02 07:04:41',NULL),
(433,'Imperial Tobacco Zagreb doo','2022-05-02 07:04:41','2022-05-02 07:04:41',NULL),
(434,'Instant Alliance Ltd (50%) and Cubatabaco -Cuban tobacco monopoly','2022-05-02 07:04:41','2022-05-02 07:04:41',NULL),
(435,'JT International Company (Cyprus) Limited','2022-05-02 07:04:41','2022-05-02 07:04:41',NULL),
(436,'Imperial Tobacco Corporation\n','2022-05-02 07:04:41','2022-05-02 07:04:41',NULL),
(437,'Naegohyang Tobacco Factory','2022-05-02 07:04:41','2022-05-02 07:04:41',NULL),
(438,'Thlb Holding','2022-05-02 07:04:41','2022-05-02 07:04:41',NULL),
(439,'C.B. Moller & Co. Ltd.','2022-05-02 07:04:41','2022-05-02 07:04:41',NULL),
(440,'KEY TOBACCO PRODUCERS','2022-05-02 07:04:41','2022-05-02 07:04:41',NULL),
(441,'Altria/Philip Morris','2022-05-02 07:04:41','2022-05-02 07:04:41',NULL),
(442,'Inetab-Kaubeck','2022-05-02 07:04:41','2022-05-02 07:04:41',NULL),
(443,'C. por A.','2022-05-02 07:04:41','2022-05-02 07:04:41',NULL),
(444,'JTI Dominican Republic','2022-05-02 07:04:41','2022-05-02 07:04:41',NULL),
(445,'British American Tobacco Company (BAT)','2022-05-02 07:04:41','2022-05-02 07:04:41',NULL),
(446,'Philip Morris Dominicana','2022-05-02 07:04:41','2022-05-02 07:04:41',NULL),
(447,' S.A.','2022-05-02 07:04:41','2022-05-02 07:04:41',NULL),
(448,'General Cigar Dominicana SAS','2022-05-02 07:04:41','2022-05-02 07:04:41',NULL),
(449,'Eastern Tobacco','2022-05-02 07:04:41','2022-05-02 07:04:41',NULL),
(450,'Philip Morris Ltd Co.','2022-05-02 07:04:41','2022-05-02 07:04:41',NULL),
(451,'British American Tobacco Middle East ','2022-05-02 07:04:41','2022-05-02 07:04:41',NULL),
(452,'Tabacalera de El Salvador (Philip Morris)','2022-05-02 07:04:41','2022-05-02 07:04:41',NULL),
(453,'Morazán Cigarette Shop','2022-05-02 07:04:41','2022-05-02 07:04:41',NULL),
(454,'(British American Tobacco – BAT)','2022-05-02 07:04:41','2022-05-02 07:04:41',NULL),
(455,'Imperial Tobacco Estonia','2022-05-02 07:04:41','2022-05-02 07:04:41',NULL),
(456,'National Tobacco Enterprise (Privatized','2022-05-02 07:04:41','2022-05-02 07:04:41',NULL),
(457,'owned by Japan Tobacco International)','2022-05-02 07:04:41','2022-05-02 07:04:41',NULL),
(458,'Sheba Company','2022-05-02 07:04:41','2022-05-02 07:04:41',NULL),
(459,'British American Tobacco (BAT)','2022-05-02 07:04:41','2022-05-02 07:04:41',NULL),
(460,' Ahlstrom Munksjo','2022-05-02 07:04:41','2022-05-02 07:04:41',NULL),
(461,'Imperial Brands SEITA','2022-05-02 07:04:41','2022-05-02 07:04:41',NULL),
(462,'Japan Tobacco International France','2022-05-02 07:04:41','2022-05-02 07:04:41',NULL),
(463,'British American Tobacco Gabon (BAT) Gabon','2022-05-02 07:04:41','2022-05-02 07:04:41',NULL),
(464,'Phillips Morris International','2022-05-02 07:04:41','2022-05-02 07:04:41',NULL),
(465,'British American Tobacco \n','2022-05-02 07:04:41','2022-05-02 07:04:41',NULL),
(466,'BAT (British American Tobacco) part of the southern european cluster','2022-05-02 07:04:41','2022-05-02 07:04:41',NULL),
(467,'Imperial Tobacco Hellas S.A.','2022-05-02 07:04:41','2022-05-02 07:04:41',NULL),
(468,'TACASA','2022-05-02 07:04:41','2022-05-02 07:04:41',NULL),
(469,'Tabacalera Centroamericana S. A. Philip Morris International','2022-05-02 07:04:41','2022-05-02 07:04:41',NULL),
(470,'British American Tobacco Centro América ','2022-05-02 07:04:41','2022-05-02 07:04:41',NULL),
(471,'BAT (British American Tobacco) part of BAT Caribbean & LANCAR','2022-05-02 07:04:41','2022-05-02 07:04:41',NULL),
(472,'Tabacalera Honduraa SA','2022-05-02 07:04:41','2022-05-02 07:04:41',NULL),
(473,'Cuban','2022-05-02 07:04:41','2022-05-02 07:04:41',NULL),
(474,'Roots S. de R. L','2022-05-02 07:04:41','2022-05-02 07:04:41',NULL),
(475,'Placencios Tobacco SA','2022-05-02 07:04:41','2022-05-02 07:04:41',NULL),
(476,'Tabacalera San Jerónimo','2022-05-02 07:04:41','2022-05-02 07:04:41',NULL),
(477,'JTI Hungary','2022-05-02 07:04:41','2022-05-02 07:04:41',NULL),
(478,'ITC Ltd.','2022-05-02 07:04:41','2022-05-02 07:04:41',NULL),
(479,'Godfrey Philips','2022-05-02 07:04:41','2022-05-02 07:04:41',NULL),
(480,'Philip Morris International/PT HM Sampoerna','2022-05-02 07:04:41','2022-05-02 07:04:41',NULL),
(481,'PT Gudang Garam','2022-05-02 07:04:41','2022-05-02 07:04:41',NULL),
(482,'British American Tobacco/PT','2022-05-02 07:04:41','2022-05-02 07:04:41',NULL),
(483,'Bentoel Internasional Investama','2022-05-02 07:04:41','2022-05-02 07:04:41',NULL),
(484,'PT Djarum','2022-05-02 07:04:41','2022-05-02 07:04:41',NULL),
(485,'Iran Tobacco Company','2022-05-02 07:04:41','2022-05-02 07:04:41',NULL),
(486,'Baghdad Tobacco and Cigarette Factory','2022-05-02 07:04:41','2022-05-02 07:04:41',NULL),
(487,'Philip Morris Ltd.','2022-05-02 07:04:41','2022-05-02 07:04:41',NULL),
(488,'Globrands Ltd.','2022-05-02 07:04:41','2022-05-02 07:04:41',NULL),
(489,'Dubek Ltd.','2022-05-02 07:04:41','2022-05-02 07:04:41',NULL),
(490,' Philip Morris Jamaica','2022-05-02 07:04:41','2022-05-02 07:04:41',NULL),
(491,'Japan Tobacco International Jordan Ltd.','2022-05-02 07:04:41','2022-05-02 07:04:41',NULL),
(492,'Philip Morris Kazakhstan','2022-05-02 07:04:41','2022-05-02 07:04:41',NULL),
(493,'British American Tobacco (BAT) Kenya','2022-05-02 07:04:41','2022-05-02 07:04:41',NULL),
(494,'Mastermind Tobacco Kenya (MTK)','2022-05-02 07:04:41','2022-05-02 07:04:41',NULL),
(495,'Korea Tomorrow & Global Corporation (formerly known as Korea Tobacco & Ginseng)','2022-05-02 07:04:41','2022-05-02 07:04:41',NULL),
(496,'Lao Tobacco Limited (with shares from Imperial Tobacco Group) ','2022-05-02 07:04:41','2022-05-02 07:04:41',NULL),
(497,'Regie Libanaise Des Tabacs Et Tombacs','2022-05-02 07:04:41','2022-05-02 07:04:41',NULL),
(498,'Sarabel S.A.R.L.','2022-05-02 07:04:41','2022-05-02 07:04:41',NULL),
(499,' BAT (British American Tobacco)','2022-05-02 07:04:41','2022-05-02 07:04:41',NULL),
(500,'Imperial Tobacco Management Luxembourg sarl','2022-05-02 07:04:41','2022-05-02 07:04:41',NULL),
(501,'Malawi Government','2022-05-02 07:04:41','2022-05-02 07:04:41',NULL),
(502,'British American Tobacco Malaysia','2022-05-02 07:04:41','2022-05-02 07:04:41',NULL),
(503,'Philip Morris Malaysia','2022-05-02 07:04:41','2022-05-02 07:04:41',NULL),
(504,'While there is no presence of the tobacco companies in the country','2022-05-02 07:04:41','2022-05-02 07:04:41',NULL),
(505,' the tobacco industry is actively working through tobacco importers','2022-05-02 07:04:41','2022-05-02 07:04:41',NULL),
(506,' distributors and retailers in pursuing its interests. ','2022-05-02 07:04:41','2022-05-02 07:04:41',NULL),
(507,'BAT (British American Tobacco) part of BAT West Africa West','2022-05-02 07:04:41','2022-05-02 07:04:41',NULL),
(508,'Mongol Tobacco SO Co. Ltd.','2022-05-02 07:04:41','2022-05-02 07:04:41',NULL),
(509,'KT&G','2022-05-02 07:04:41','2022-05-02 07:04:41',NULL),
(510,'Mozambique Universal Leaf Tobacco Company','2022-05-02 07:04:41','2022-05-02 07:04:41',NULL),
(511,'Emperor Tobacco','2022-05-02 07:04:41','2022-05-02 07:04:41',NULL),
(512,'Surya Nepal','2022-05-02 07:04:41','2022-05-02 07:04:41',NULL),
(513,'Gorkha Lahari','2022-05-02 07:04:41','2022-05-02 07:04:41',NULL),
(514,'British American Tobacco Centroamérica (BATCA)','2022-05-02 07:04:41','2022-05-02 07:04:41',NULL),
(515,'Phillip Morris Nicaragua','2022-05-02 07:04:41','2022-05-02 07:04:41',NULL),
(516,'British American Tobacco (BAT) Nigeria','2022-05-02 07:04:41','2022-05-02 07:04:41',NULL),
(517,'International Tobacco Company Limited','2022-05-02 07:04:41','2022-05-02 07:04:41',NULL),
(518,'Black Horse Tobacco Company','2022-05-02 07:04:41','2022-05-02 07:04:41',NULL),
(519,'Philip Morris International Nigeria Limited','2022-05-02 07:04:41','2022-05-02 07:04:41',NULL),
(520,'British American Tobacco Norway AS','2022-05-02 07:04:41','2022-05-02 07:04:41',NULL),
(521,'Swedisn Match Distribution','2022-05-02 07:04:41','2022-05-02 07:04:41',NULL),
(522,'AS/Swedish Match Norge AS','2022-05-02 07:04:41','2022-05-02 07:04:41',NULL),
(523,'Imperial Tobacco AS','2022-05-02 07:04:41','2022-05-02 07:04:41',NULL),
(524,'Conrad Langaard AS','2022-05-02 07:04:41','2022-05-02 07:04:41',NULL),
(525,'Khimji Ramdas (distributor for Philip Morris products)','2022-05-02 07:04:41','2022-05-02 07:04:41',NULL),
(526,'Enhance Oman (the agent for British American Tobacco (BAT))','2022-05-02 07:04:41','2022-05-02 07:04:41',NULL),
(527,'Pakistan Tobacco Company','2022-05-02 07:04:41','2022-05-02 07:04:41',NULL),
(528,'R.J. Reynolds Tobacco Co.','2022-05-02 07:04:41','2022-05-02 07:04:41',NULL),
(529,'KT&G (Korean Tobacco & Ginseng)','2022-05-02 07:04:41','2022-05-02 07:04:41',NULL),
(530,'Tabesa (Tabacalera del Este S.A)','2022-05-02 07:04:41','2022-05-02 07:04:41',NULL),
(531,'Tabacalera Hernandarias','2022-05-02 07:04:41','2022-05-02 07:04:41',NULL),
(532,'Distribuidora Gloria','2022-05-02 07:04:41','2022-05-02 07:04:41',NULL),
(533,'Brasfumo','2022-05-02 07:04:41','2022-05-02 07:04:41',NULL),
(534,'Philips Morris International','2022-05-02 07:04:41','2022-05-02 07:04:41',NULL),
(535,'Philip Morris-Fortune Tobacco Corporation','2022-05-02 07:04:41','2022-05-02 07:04:41',NULL),
(536,'British American Tobacco (BAT) Polska','2022-05-02 07:04:41','2022-05-02 07:04:41',NULL),
(537,'Imperial Tobacco Polska','2022-05-02 07:04:41','2022-05-02 07:04:41',NULL),
(538,'Japan Tobacco International (JTI) Polska','2022-05-02 07:04:41','2022-05-02 07:04:41',NULL),
(539,'Philip Morris Polska','2022-05-02 07:04:41','2022-05-02 07:04:41',NULL),
(540,'Instant Alliance Limited (50%)','2022-05-02 07:04:41','2022-05-02 07:04:41',NULL),
(541,'BAT (British American Tobacco) part of BAT Central Europe South','2022-05-02 07:04:41','2022-05-02 07:04:41',NULL),
(542,'Imperial Tobacco Russia','2022-05-02 07:04:41','2022-05-02 07:04:41',NULL),
(543,'MTOA Impérial Tabacco','2022-05-02 07:04:41','2022-05-02 07:04:41',NULL),
(544,'Phillip Morris Manufacturing Sénégal','2022-05-02 07:04:41','2022-05-02 07:04:41',NULL),
(545,'Moj Kiosk','2022-05-02 07:04:41','2022-05-02 07:04:41',NULL),
(546,'Imperial Tobacco Slovakia a.s. ','2022-05-02 07:04:41','2022-05-02 07:04:41',NULL),
(547,'Solomon Islands Tobacco Company Ltd (subsidiary of British American Tobacco)','2022-05-02 07:04:41','2022-05-02 07:04:41',NULL),
(548,'Solomon Sun Cigarette Company','2022-05-02 07:04:41','2022-05-02 07:04:41',NULL),
(549,'Oceanic Oasis','2022-05-02 07:04:41','2022-05-02 07:04:41',NULL),
(550,'Mogadishu cigarette factory','2022-05-02 07:04:41','2022-05-02 07:04:41',NULL),
(551,'British American Tobacco (BAT) South Africa','2022-05-02 07:04:41','2022-05-02 07:04:41',NULL),
(552,'Morazán Cigarette Shop\n(British American Tobacco – BAT) ADD ALTADIS/ MPERIAL HERE? ','2022-05-02 07:04:41','2022-05-02 07:04:41',NULL),
(553,'Ceylon Tobacco Company (with shares from British American Tobacco  and Philip Morris International)','2022-05-02 07:04:41','2022-05-02 07:04:41',NULL),
(554,'Japan Tobacco International (previously Haggar Cigarette & Tobacco Factory)','2022-05-02 07:04:41','2022-05-02 07:04:41',NULL),
(555,'British American Tobacco (previously Blue Nile Cigarette Company)','2022-05-02 07:04:41','2022-05-02 07:04:41',NULL),
(556,'Graphic Packaging','2022-05-02 07:04:41','2022-05-02 07:04:41',NULL),
(557,'Swedish Match','2022-05-02 07:04:41','2022-05-02 07:04:41',NULL),
(558,'Oettinger Davidoff','2022-05-02 07:04:41','2022-05-02 07:04:41',NULL),
(559,'Jerusalem Cigarette Company','2022-05-02 07:04:41','2022-05-02 07:04:41',NULL),
(560,'Tanzania Cigarette Company Ltd','2022-05-02 07:04:41','2022-05-02 07:04:41',NULL),
(561,'Tobacco Authority of Thailand','2022-05-02 07:04:41','2022-05-02 07:04:41',NULL),
(562,'Philip Morris T&T','2022-05-02 07:04:42','2022-05-02 07:04:42',NULL),
(563,'Ciga Filtre','2022-05-02 07:04:42','2022-05-02 07:04:42',NULL),
(564,'Kamraran','2022-05-02 07:04:42','2022-05-02 07:04:42',NULL),
(565,'British American Tobacco Turkey','2022-05-02 07:04:42','2022-05-02 07:04:42',NULL),
(566,'Phillip Morris Sabancı (PHILSA)','2022-05-02 07:04:42','2022-05-02 07:04:42',NULL),
(567,'Philip Morris USA','2022-05-02 07:04:42','2022-05-02 07:04:42',NULL),
(568,'R.J. Reynolds Tobacco Company','2022-05-02 07:04:42','2022-05-02 07:04:42',NULL),
(569,'Imperial Brands PLC','2022-05-02 07:04:42','2022-05-02 07:04:42',NULL),
(570,'British American Tobacco (BAT) Uganda','2022-05-02 07:04:42','2022-05-02 07:04:42',NULL),
(571,'Continental Tobacco Uganda','2022-05-02 07:04:42','2022-05-02 07:04:42',NULL),
(572,'Uganda Tobacco Services Ltd\n','2022-05-02 07:04:42','2022-05-02 07:04:42',NULL),
(573,'MontePaz','2022-05-02 07:04:42','2022-05-02 07:04:42',NULL),
(574,'CA Cigarrera Bigott Sucs (the local subsidiary of British American Tobacco (BAT))','2022-05-02 07:04:42','2022-05-02 07:04:42',NULL),
(575,'C.A Tabacalera Nacional (the local subsidiary of Philip Morris International (PMI))','2022-05-02 07:04:42','2022-05-02 07:04:42',NULL),
(576,'VINATABA','2022-05-02 07:04:42','2022-05-02 07:04:42',NULL),
(577,'British American Tobacco Vietnam','2022-05-02 07:04:42','2022-05-02 07:04:42',NULL),
(578,'British American Tobacco Zambia','2022-05-02 07:04:42','2022-05-02 07:04:42',NULL),
(579,'Roland Imperial Tobacco','2022-05-02 07:04:42','2022-05-02 07:04:42',NULL);

/*Table structure for table `cost_estimations` */

DROP TABLE IF EXISTS `cost_estimations`;

CREATE TABLE `cost_estimations` (
  `id` bigint(20) unsigned NOT NULL AUTO_INCREMENT,
  `country_id` bigint(20) unsigned NOT NULL,
  `marine_pollution` varchar(191) COLLATE utf8mb4_unicode_ci DEFAULT NULL,
  `waste_management` varchar(191) COLLATE utf8mb4_unicode_ci DEFAULT NULL,
  `partial_cost` varchar(191) COLLATE utf8mb4_unicode_ci DEFAULT NULL,
  `marine_cost_per_ton` varchar(191) COLLATE utf8mb4_unicode_ci DEFAULT NULL,
  `waste_cost_per_ton` varchar(191) COLLATE utf8mb4_unicode_ci DEFAULT NULL,
  `cigarettes_consumed` varchar(191) COLLATE utf8mb4_unicode_ci DEFAULT NULL,
  `cigarettes_consumed_unit` varchar(191) COLLATE utf8mb4_unicode_ci DEFAULT NULL,
  `economic_cost` varchar(191) COLLATE utf8mb4_unicode_ci DEFAULT NULL,
  `economic_cost_currency` varchar(191) COLLATE utf8mb4_unicode_ci DEFAULT NULL,
  `cigarettes_sticks` varchar(191) COLLATE utf8mb4_unicode_ci DEFAULT NULL,
  `created_at` timestamp NULL DEFAULT NULL,
  `updated_at` timestamp NULL DEFAULT NULL,
  `deleted_at` timestamp NULL DEFAULT NULL,
  PRIMARY KEY (`id`),
  KEY `cost_estimations_country_id_foreign` (`country_id`),
  CONSTRAINT `cost_estimations_country_id_foreign` FOREIGN KEY (`country_id`) REFERENCES `countries` (`id`) ON DELETE CASCADE
) ENGINE=InnoDB AUTO_INCREMENT=567 DEFAULT CHARSET=utf8mb4 COLLATE=utf8mb4_unicode_ci;

/*Data for the table `cost_estimations` */

insert  into `cost_estimations`(`id`,`country_id`,`marine_pollution`,`waste_management`,`partial_cost`,`marine_cost_per_ton`,`waste_cost_per_ton`,`cigarettes_consumed`,`cigarettes_consumed_unit`,`economic_cost`,`economic_cost_currency`,`cigarettes_sticks`,`created_at`,`updated_at`,`deleted_at`) values 
(372,375,'5011614.4018583','73170.731707317','5700000',NULL,NULL,'5894000000',NULL,'1122.574912892','AFN',NULL,'2022-05-02 07:04:40','2022-05-02 07:04:40',NULL),
(373,376,'5300954.0329575','323503.9028621','5969000',NULL,NULL,'5902000000',NULL,'797.97912402428','ALL',NULL,'2022-05-02 07:04:40','2022-05-02 07:04:40',NULL),
(374,377,'25039641.50293','916994.13995174','29701000',NULL,NULL,'30061000000',NULL,'5963.307977332','DZD',NULL,'2022-05-02 07:04:40','2022-05-02 07:04:40',NULL),
(375,378,'380949.47368421','58947.368421053','478312',NULL,NULL,'433700000',NULL,'0','EUR',NULL,'2022-05-02 07:04:40','2022-05-02 07:04:40',NULL),
(376,379,'6297866.0123429','230649.1188936','4555000',NULL,NULL,'4610000000',NULL,'0','AOA',NULL,'2022-05-02 07:04:40','2022-05-02 07:04:40',NULL),
(377,380,'6004.4444444444','740.74074074074','6948',NULL,NULL,'6300000',NULL,'0','XCD',NULL,'2022-05-02 07:04:40','2022-05-02 07:04:40',NULL),
(378,381,'22518852.387969','1377654.5029037','39088000',NULL,NULL,'38648000000',NULL,'5328.9078507555','ARS',NULL,'2022-05-02 07:04:40','2022-05-02 07:04:40',NULL),
(379,382,'5040790.6082112','308416.79379187','4949000',NULL,NULL,'4894000000',NULL,'999.29448386192','AMD',NULL,'2022-05-02 07:04:40','2022-05-02 07:04:40',NULL),
(380,383,'17579432.624113','2758865.248227','19739000',NULL,NULL,'18095000000',NULL,'16135.964045496','AUD',NULL,'2022-05-02 07:04:40','2022-05-02 07:04:40',NULL),
(381,384,'15952631.578947','2505263.1578947','20029000',NULL,NULL,'18095000000',NULL,'7863.2362904806','EUR',NULL,'2022-05-02 07:04:40','2022-05-02 07:04:40',NULL),
(382,385,'11115294.117647','676470.58823529','11795000',NULL,NULL,'11662000000',NULL,'4667.23','AZN',NULL,'2022-05-02 07:04:40','2022-05-02 07:04:40',NULL),
(383,386,'130004','20000','150431',NULL,NULL,'136400000',NULL,'40.69','BSD',NULL,'2022-05-02 07:04:40','2022-05-02 07:04:40',NULL),
(384,387,'1141026.3157895','178947.36842105','1334000',NULL,NULL,'1209000000',NULL,'272.33284210526','BHD',NULL,'2022-05-02 07:04:40','2022-05-02 07:04:40',NULL),
(385,388,'55993051.534453','2050723.7984945','59066000',NULL,NULL,'86148000000',NULL,'6910.3201170208','BDT',NULL,'2022-05-02 07:04:40','2022-05-02 07:04:40',NULL),
(386,389,'60903.5','9500','70473',NULL,NULL,'63900000',NULL,'8.5','BBD',NULL,'2022-05-02 07:04:40','2022-05-02 07:04:40',NULL),
(387,390,'17146518.987342','1044303.7974684','23568000',NULL,NULL,'23.303 B',NULL,'3652.2985407437','BYN',NULL,'2022-05-02 07:04:40','2022-05-02 07:04:40',NULL),
(388,391,'20063157.894737','3147368.4210526','25191000',NULL,NULL,'23051000000',NULL,'11065.433192963','EUR',NULL,'2022-05-02 07:04:40','2022-05-02 07:04:40',NULL),
(389,392,'40126','1450','41595',NULL,NULL,'42100000',NULL,'9.63','BZD',NULL,'2022-05-02 07:04:40','2022-05-02 07:04:40',NULL),
(390,393,'1164820.6793448','42599.707428424','1307000',NULL,NULL,'1323000000',NULL,'16.396018457355','XOF',NULL,'2022-05-02 07:04:40','2022-05-02 07:04:40',NULL),
(391,394,'854575.12074142','31196.971674716','915885',NULL,NULL,'1323000000',NULL,'73.296765153891','BTN',NULL,'2022-05-02 07:04:40','2022-05-02 07:04:40',NULL),
(392,395,'2065552.3255814','75581.395348837','2132000',NULL,NULL,'2157000000',NULL,'192.74681686047','BOB',NULL,'2022-05-02 07:04:40','2022-05-02 07:04:40',NULL),
(393,396,'5135135.1351351','314972.97297297','5888000',NULL,NULL,'5821000000',NULL,'1158.5931283125','BAM',NULL,'2022-05-02 07:04:41','2022-05-02 07:04:41',NULL),
(394,397,'608552.63157895','37335.526315789','687658',NULL,NULL,'679900000',NULL,'111.1519236705','BWP',NULL,'2022-05-02 07:04:41','2022-05-02 07:04:41',NULL),
(395,398,'72723577.235772','4430894.3089431','73658000',NULL,NULL,'54073000000',NULL,'18847560975.61','BRL',NULL,'2022-05-02 07:04:41','2022-05-02 07:04:41',NULL),
(396,399,'3049.2753623188','478.98550724638','3500',NULL,NULL,'3200000',NULL,'400.18397957364','BND',NULL,'2022-05-02 07:04:41','2022-05-02 07:04:41',NULL),
(397,400,'9605405.4054054','1005405.4054054','10986000',NULL,NULL,'11072000000',NULL,'4266.3779027027','BGN',NULL,'2022-05-02 07:04:41','2022-05-02 07:04:41',NULL),
(398,401,'3657144.694327','53852.460334046','4011000',NULL,NULL,'4155000000',NULL,'56.117946812399','XOF',NULL,'2022-05-02 07:04:41','2022-05-02 07:04:41',NULL),
(399,402,'1374863.1822932','20256.449623844','1471000',NULL,NULL,'1521000000',NULL,'10.935750111365','BIF',NULL,'2022-05-02 07:04:41','2022-05-02 07:04:41',NULL),
(400,403,'130056.42153581','4777.6608970068','146127',NULL,NULL,'147900000',NULL,'2.4714988356245','CVE',NULL,'2022-05-02 07:04:41','2022-05-02 07:04:41',NULL),
(401,404,'7650043.5269245','280064.66857356','7790000',NULL,NULL,'7884000000',NULL,'724.57685353217','KHR',NULL,'2022-05-02 07:04:41','2022-05-02 07:04:41',NULL),
(402,405,'2080151.7514106','76181.137171058','2331000',NULL,NULL,'2359000000',NULL,'125.97623179733','XAF',NULL,'2022-05-02 07:04:41','2022-05-02 07:04:41',NULL),
(403,406,'31328125','4921875','34632000',NULL,NULL,'31402000000',NULL,'29344.022313559','CAD',NULL,'2022-05-02 07:04:41','2022-05-02 07:04:41',NULL),
(404,407,'574694.16625139','8455.6400405099','630294',NULL,NULL,'651700000',NULL,'7.3096748527279','XAF',NULL,'2022-05-02 07:04:41','2022-05-02 07:04:41',NULL),
(405,408,'1872779.5907213','27596.572732972','2053000',NULL,NULL,'2123000000',NULL,'56.451045919612','XAF',NULL,'2022-05-02 07:04:41','2022-05-02 07:04:41',NULL),
(406,409,'9858892.7794516','1548340.5651269','12371000',NULL,NULL,'11177000000',NULL,'2077.1291612007','CLP',NULL,'2022-05-02 07:04:41','2022-05-02 07:04:41',NULL),
(407,410,'2107680722.8916','128928614.45783','2152000000',NULL,NULL,'2350000000000',NULL,'125961.97058261','CNY',NULL,'2022-05-02 07:04:41','2022-05-02 07:04:41',NULL),
(408,411,'5613027.5437337','343320.61309052','6400000',NULL,NULL,'13011000000',NULL,'3002.2777552448','COP',NULL,'2022-05-02 07:04:41','2022-05-02 07:04:41',NULL),
(409,412,'249015.11092059','9109.4202121959','279607',NULL,NULL,'283000000',NULL,'1.2924858581749','KMF',NULL,'2022-05-02 07:04:41','2022-05-02 07:04:41',NULL),
(410,413,'468596.78171267','17160.448181073','525028',NULL,NULL,'531400000',NULL,'0','XAF',NULL,'2022-05-02 07:04:41','2022-05-02 07:04:41',NULL),
(411,414,'12584.516129032','769.67741935484','13423',NULL,NULL,'13271000',NULL,'0','NZD',NULL,'2022-05-02 07:04:41','2022-05-02 07:04:41',NULL),
(412,415,'1309257.5025222','80086.130309738','1577000',NULL,NULL,'1559000000',NULL,'163.50731614304','CRC',NULL,'2022-05-02 07:04:41','2022-05-02 07:04:41',NULL),
(413,416,'4169948.7195975','152748.08301317','4673000',NULL,NULL,'4730000000',NULL,'244.29118412876','XOF',NULL,'2022-05-02 07:04:41','2022-05-02 07:04:41',NULL),
(414,417,'5012167.8321678','787412.58741259','6269000',NULL,NULL,'5684000000',NULL,'2677.0551518727','HRK',NULL,'2022-05-02 07:04:41','2022-05-02 07:04:41',NULL),
(415,418,'1759791.6666667','107625','1851000',NULL,NULL,'2233000000',NULL,'4514.7110625','CUP',NULL,'2022-05-02 07:04:41','2022-05-02 07:04:41',NULL),
(416,419,'645084.21052632','101052.63157895','1664000',NULL,NULL,'1508000000',NULL,'107.08745526316','EUR',NULL,'2022-05-02 07:04:41','2022-05-02 07:04:41',NULL),
(417,420,'20496742.39177','3219031.2901843','23839000',NULL,NULL,'21855000000',NULL,'7881.5960207887','CZK',NULL,'2022-05-02 07:04:41','2022-05-02 07:04:41',NULL),
(418,421,'13440851.722558','198063.40531063','19187000',NULL,NULL,'19839000000',NULL,'0','KPW',NULL,'2022-05-02 07:04:41','2022-05-02 07:04:41',NULL),
(419,422,'4885469.4000301','71976.342037993','5343000',NULL,NULL,'5524000000',NULL,'0','CDF',NULL,'2022-05-02 07:04:41','2022-05-02 07:04:41',NULL),
(420,423,'5173550.2121641','806223.47949081','6469000',NULL,NULL,'6193000000',NULL,'6389.5451685922','DKK',NULL,'2022-05-02 07:04:41','2022-05-02 07:04:41',NULL),
(421,424,'454726.53612424','16599.144722035','471380',NULL,NULL,'477100000',NULL,'4.8500272901193','DJF',NULL,'2022-05-02 07:04:41','2022-05-02 07:04:41',NULL),
(422,425,'7910.7407407407','481.48148148148','8395',NULL,NULL,'8300000',NULL,'0','XCD',NULL,'2022-05-02 07:04:41','2022-05-02 07:04:41',NULL),
(423,426,'1604375.4538853','98039.215686275','1659000',NULL,NULL,'1640000000',NULL,'964.72436548051','DOP',NULL,'2022-05-02 07:04:41','2022-05-02 07:04:41',NULL),
(424,427,'1040000','63660','1100000',NULL,NULL,'1092000000',NULL,'296.77','USD',NULL,'2022-05-02 07:04:41','2022-05-02 07:04:41',NULL),
(425,428,'71305285.868393','2610571.7367853','87018000',NULL,NULL,'90008000000',NULL,'9324.7213149969','EGP',NULL,'2022-05-02 07:04:41','2022-05-02 07:04:41',NULL),
(426,429,'890680','32.6','923295',NULL,NULL,'934500000',NULL,'85.44','USD',NULL,'2022-05-02 07:04:41','2022-05-02 07:04:41',NULL),
(427,430,'153095.31081711','9323.7095503721','175581',NULL,NULL,'173600000',NULL,'207.8353373949','XAF',NULL,'2022-05-02 07:04:41','2022-05-02 07:04:41',NULL),
(428,431,'389933.33333333','23853.266666667','411745',NULL,NULL,'407100000',NULL,'0','ERN',NULL,'2022-05-02 07:04:41','2022-05-02 07:04:41',NULL),
(429,432,'231136842.10526','3631578.9473684','2152000',NULL,NULL,'1951000000',NULL,'11715.624796953','EUR',NULL,'2022-05-02 07:04:41','2022-05-02 07:04:41',NULL),
(430,433,'0','0',NULL,NULL,NULL,'5000',NULL,'0','SZL',NULL,'2022-05-02 07:04:41','2022-05-02 07:04:41',NULL),
(431,434,'4489005.4390054','66045.066045066','6713000',NULL,NULL,'6942000000',NULL,'154.99438493693','ETB',NULL,'2022-05-02 07:04:41','2022-05-02 07:04:41',NULL),
(432,435,'302470.69767442','18502.325581395','318190',NULL,NULL,'314600000',NULL,'0','FJD',NULL,'2022-05-02 07:04:41','2022-05-02 07:04:41',NULL),
(433,436,'27180000','4270526.3157895','5590000',NULL,NULL,'5069000000',NULL,'16326.121120833','EUR',NULL,'2022-05-02 07:04:41','2022-05-02 07:04:41',NULL),
(434,437,'48668421.052632','7642105.2631579','61107000',NULL,NULL,'57743000000',NULL,'57707.428245948','EUR',NULL,'2022-05-02 07:04:41','2022-05-02 07:04:41',NULL),
(435,438,'442001.7039883','27.006606973492','506919',NULL,NULL,'501200000',NULL,'250.19444052882','XAF',NULL,'2022-05-02 07:04:41','2022-05-02 07:04:41',NULL),
(436,439,'251730.55452177','3708.5969482694','266547',NULL,NULL,'276000000',NULL,'5.2038335650971','GMD',NULL,'2022-05-02 07:04:41','2022-05-02 07:04:41',NULL),
(437,440,'6107540.9836066','360655.73770492','6358000',NULL,NULL,'6286000000',NULL,'774.84850131148','GEL',NULL,'2022-05-02 07:04:41','2022-05-02 07:04:41',NULL),
(438,441,'99674736.842105','15661052.631579','125150000',NULL,NULL,'114436000000',NULL,'70213.944968354','EUR',NULL,'2022-05-02 07:04:41','2022-05-02 07:04:41',NULL),
(439,442,'482314.69440832','17665.799739922','687260',NULL,NULL,'695600000',NULL,'88.701800498483','GHS',NULL,'2022-05-02 07:04:41','2022-05-02 07:04:41',NULL),
(440,443,'7094736842.1053','1114736842.1053','21346000',NULL,NULL,'19383000000',NULL,'2857659.062657','EUR',NULL,'2022-05-02 07:04:41','2022-05-02 07:04:41',NULL),
(441,444,'11913.703703704','728.88888888889','12643',NULL,NULL,'12500000',NULL,'7429.63','XCD',NULL,'2022-05-02 07:04:41','2022-05-02 07:04:41',NULL),
(442,445,'1141069.1003911','69804.43285528','1202000',NULL,NULL,'1189000000',NULL,'408.14004256845','GTQ',NULL,'2022-05-02 07:04:41','2022-05-02 07:04:41',NULL),
(443,446,'2433699.2205504','35862.722649336','2279000',NULL,NULL,'2357000000',NULL,'68.380893942586','GNF',NULL,'2022-05-02 07:04:41','2022-05-02 07:04:41',NULL),
(444,447,'24956.998408539','367.64351278795','5000000',NULL,NULL,'28300000',NULL,'3.3680020840417','XOF',NULL,'2022-05-02 07:04:41','2022-05-02 07:04:41',NULL),
(445,448,'189905.30211989','11536.797577273','201068',NULL,NULL,'198800000',NULL,'29.987597942604','GYD',NULL,'2022-05-02 07:04:41','2022-05-02 07:04:41',NULL),
(446,449,'853606.81544587','31252.893786462','1000000',NULL,NULL,'1034000000',NULL,'55.383713949284','HTG',NULL,'2022-05-02 07:04:41','2022-05-02 07:04:41',NULL),
(447,450,'2531677.52443','92671.009771987','2622000',NULL,NULL,'2653000000',NULL,'213.06965490715','HNL',NULL,'2022-05-02 07:04:41','2022-05-02 07:04:41',NULL),
(448,451,'14200128.180121','2231448.714019','19148000',NULL,NULL,'17464000000',NULL,'10477.242085621','HUF',NULL,'2022-05-02 07:04:41','2022-05-02 07:04:41',NULL),
(449,452,'222183.93445134','34903.131939658','247924000',NULL,NULL,'224800000',NULL,'204.2784514422','ISK',NULL,'2022-05-02 07:04:41','2022-05-02 07:04:41',NULL),
(450,453,'68672497.063047','2515089.4139146','73610000',NULL,NULL,'84861000000',NULL,'128481.24965902','INR',NULL,'2022-05-02 07:04:41','2022-05-02 07:04:41',NULL),
(451,454,'270034914.99257','9890200.4521643','279571000',NULL,NULL,'316393000000',NULL,'30114524472.086','IDR',NULL,'2022-05-02 07:04:41','2022-05-02 07:04:41',NULL),
(452,455,'51303563.903481','1878975.1313729','53073000',NULL,NULL,'57240000000',NULL,'5272.1813941302','IRR',NULL,'2022-05-02 07:04:41','2022-05-02 07:04:41',NULL),
(453,456,'19315832.988838','1171282.8992697','24958000',NULL,NULL,'26294000000',NULL,'11486.407330853','IQD',NULL,'2022-05-02 07:04:41','2022-05-02 07:04:41',NULL),
(454,457,'2492631.5789474','391789.47368421','3903000',NULL,NULL,'3539000000',NULL,'2601.8105562568','EUR',NULL,'2022-05-02 07:04:41','2022-05-02 07:04:41',NULL),
(455,458,'7409850.7462687','1164179.1044776','8344000',NULL,NULL,'7565000000',NULL,'2401.7305974977','ILS',NULL,'2022-05-02 07:04:41','2022-05-02 07:04:41',NULL),
(456,459,'67569473.684211','10615789.473684','84839000',NULL,NULL,'78063000000',NULL,'32648.693367215','EUR',NULL,'2022-05-02 07:04:41','2022-05-02 07:04:41',NULL),
(457,460,'590357.78868509','36108.24076466','681185',NULL,NULL,'673500000',NULL,'266.78918725259','JMD',NULL,'2022-05-02 07:04:41','2022-05-02 07:04:41',NULL),
(458,461,'136531960.6638','21450522.433927','192596000',NULL,NULL,'173998000000',NULL,'34244.80538414','JPY',NULL,'2022-05-02 07:04:41','2022-05-02 07:04:41',NULL),
(459,462,'11022535.211268','674225.35211268','11697000',NULL,NULL,'11565000000',NULL,'1685.44','JOD',NULL,'2022-05-02 07:04:41','2022-05-02 07:04:41',NULL),
(460,463,'20689422.558014','1265650.296816','23645000',NULL,NULL,'23378000000',NULL,'14159.242344996','KZT',NULL,'2022-05-02 07:04:41','2022-05-02 07:04:41',NULL),
(461,464,'6381607.1120318','233678.57759365','7200000',NULL,NULL,'7287000000',NULL,'76.489102780913','KES',NULL,'2022-05-02 07:04:41','2022-05-02 07:04:41',NULL),
(462,465,'102250.35460993','3743.9716312057','102852',NULL,NULL,'104100000',NULL,'0','AUD',NULL,'2022-05-02 07:04:41','2022-05-02 07:04:41',NULL),
(463,466,'64626872.755462','10154408.39121','80098000',NULL,NULL,'72628000000',NULL,'16907.561540781','KRW',NULL,'2022-05-02 07:04:41','2022-05-02 07:04:41',NULL),
(464,467,'4263333.3333333','670183.33333333','4835000',NULL,NULL,'4384000000',NULL,'238.47393968268','KWD',NULL,'2022-05-02 07:04:41','2022-05-02 07:04:41',NULL),
(465,468,'1882468.309017','68930.877780435','2109000',NULL,NULL,'2135000000',NULL,'360.75736518521','KGS',NULL,'2022-05-02 07:04:41','2022-05-02 07:04:41',NULL),
(466,469,'3268389.1790849','119682.69274209','5003000',NULL,NULL,'5063000000',NULL,'320.24569163156','LAK',NULL,'2022-05-02 07:04:41','2022-05-02 07:04:41',NULL),
(467,470,'1057894.7368421','166252.63157895','2197000',NULL,NULL,'1992000000',NULL,'660.31301210526','EUR',NULL,'2022-05-02 07:04:41','2022-05-02 07:04:41',NULL),
(468,471,'8891542.2885572','543925.04145937','9435000',NULL,NULL,'9329000000',NULL,'796.2','LBP',NULL,'2022-05-02 07:04:41','2022-05-02 07:04:41',NULL),
(469,472,'617258.88324873','22603.680203046','612171',NULL,NULL,'619600000',NULL,'20.664651301131','LSL',NULL,'2022-05-02 07:04:41','2022-05-02 07:04:41',NULL),
(470,473,'495513.95730706','7297.2085385878','399724',NULL,NULL,'413300000',NULL,'13.547772767291','LRD',NULL,'2022-05-02 07:04:41','2022-05-02 07:04:41',NULL),
(471,474,'411652.54237288','25188.559322034','1475000',NULL,NULL,'1458000000',NULL,'478.76580854352','LYD',NULL,'2022-05-02 07:04:41','2022-05-02 07:04:41',NULL),
(472,475,'2818947.3684211','442977.89473684','3539000',NULL,NULL,'3209000000',NULL,'7758.0372849899','EUR',NULL,'2022-05-02 07:04:41','2022-05-02 07:04:41',NULL),
(473,476,'2704210.5263158','424898.94736842','3395000',NULL,NULL,'3078000000',NULL,'721.78590539051','EUR',NULL,'2022-05-02 07:04:41','2022-05-02 07:04:41',NULL),
(474,477,'5328684.3863966','78519.812673804','5703000',NULL,NULL,'5897000000',NULL,'120.0937147979','MGA',NULL,'2022-05-02 07:04:41','2022-05-02 07:04:41',NULL),
(475,478,'2059107.6385068','30324.150495824','2279000',NULL,NULL,'2357000000',NULL,'0','MWK',NULL,'2022-05-02 07:04:41','2022-05-02 07:04:41',NULL),
(476,479,'9356321.8390805','572183.90804598','10274000',NULL,NULL,'10282000000',NULL,'11879.078639222','MYR',NULL,'2022-05-02 07:04:41','2022-05-02 07:04:41',NULL),
(477,480,'143339.83105913','8769.395711501','152217',NULL,NULL,'150500000',NULL,'0','MVR',NULL,'2022-05-02 07:04:41','2022-05-02 07:04:41',NULL),
(478,481,'2663687.3663736','39252.817207067','2921000',NULL,NULL,'3020000000',NULL,'28.581753949464','XOF',NULL,'2022-05-02 07:04:41','2022-05-02 07:04:41',NULL),
(479,482,'483280','75934.736842105','606796',NULL,NULL,'550200000',NULL,'195.23792652832','EUR',NULL,'2022-05-02 07:04:41','2022-05-02 07:04:41',NULL),
(480,483,'2435','149','2584',NULL,NULL,'2500000',NULL,'0','USD',NULL,'2022-05-02 07:04:41','2022-05-02 07:04:41',NULL),
(481,484,'7535.2250763327','275.96011092748','74990',NULL,NULL,'75900000',NULL,'1.6844976750049','MRO',NULL,'2022-05-02 07:04:41','2022-05-02 07:04:41',NULL),
(482,485,'490032.52788104','29972.118959108','568817',NULL,NULL,'562400000',NULL,'213.20845241636','MUR',NULL,'2022-05-02 07:04:41','2022-05-02 07:04:41',NULL),
(483,486,'28889285.714286','1767123.2876712','29164000',NULL,NULL,'30632000000',NULL,'8128.6762693941','MXN',NULL,'2022-05-02 07:04:41','2022-05-02 07:04:41',NULL),
(484,487,'39343','1441','40783',NULL,NULL,'41278000',NULL,'0','USD',NULL,'2022-05-02 07:04:41','2022-05-02 07:04:41',NULL),
(485,488,'0','0',NULL,NULL,NULL,NULL,NULL,'0','EUR',NULL,'2022-05-02 07:04:41','2022-05-02 07:04:41',NULL),
(486,489,'3718670.2600886','136180.69654595','4204000',NULL,NULL,'4255000000',NULL,'817.49944774401','MNT',NULL,'2022-05-02 07:04:41','2022-05-02 07:04:41',NULL),
(487,490,'493908.42105263','30210.526315789','568716',NULL,NULL,'562300000',NULL,'0','EUR',NULL,'2022-05-02 07:04:41','2022-05-02 07:04:41',NULL),
(488,491,'13340404.040404','484848.48484848','14416000',NULL,NULL,'17301000000',NULL,'4608.5993716465','MAD',NULL,'2022-05-02 07:04:41','2022-05-02 07:04:41',NULL),
(489,492,'8104004.9481985','119066.02752435','7655000',NULL,NULL,'7915000000',NULL,'0','MZN',NULL,'2022-05-02 07:04:41','2022-05-02 07:04:41',NULL),
(490,493,'6398356.62351','234317.37708463','8881000',NULL,NULL,'8988000000',NULL,'9908.4467092197','MMK',NULL,'2022-05-02 07:04:41','2022-05-02 07:04:41',NULL),
(491,494,'473604.06091371','28971.700507614','481128',NULL,NULL,'475700000',NULL,'70.8045821489','NAD',NULL,'2022-05-02 07:04:41','2022-05-02 07:04:41',NULL),
(492,495,'21016.312056738','3302.1276595745','23597',NULL,NULL,'21396000',NULL,'0','AUD',NULL,'2022-05-02 07:04:41','2022-05-02 07:04:41',NULL),
(493,496,'9260014.6854858','339291.83323815','9947000',NULL,NULL,'10068000000',NULL,'997.67397046915','NPR',NULL,'2022-05-02 07:04:41','2022-05-02 07:04:41',NULL),
(494,497,'2378064.516129','373676.77419355','2766000',NULL,NULL,'2508000000',NULL,'2289.707905914','NZD',NULL,'2022-05-02 07:04:41','2022-05-02 07:04:41',NULL),
(495,498,'1297851.5625','47433.035714286','1404000',NULL,NULL,'1421000000',NULL,'142.27450592448','NIO',NULL,'2022-05-02 07:04:41','2022-05-02 07:04:41',NULL),
(496,499,'1073520.6648769','15818.155513045','1177000',NULL,NULL,'1217000000',NULL,'0','XOF',NULL,'2022-05-02 07:04:41','2022-05-02 07:04:41',NULL),
(497,500,'12580901.282391','460746.33688617','15108000',NULL,NULL,'17029000000',NULL,'0','NGN',NULL,'2022-05-02 07:04:41','2022-05-02 07:04:41',NULL),
(498,501,'909.67741935484','0','971',NULL,NULL,'959000',NULL,'0','NZD',NULL,'2022-05-02 07:04:41','2022-05-02 07:04:41',NULL),
(499,502,'4266815.3740563','260809.88332189','4873000',NULL,NULL,'4818000000',NULL,'765.62936986531','MKD',NULL,'2022-05-02 07:04:41','2022-05-02 07:04:41',NULL),
(500,503,'2290928.4951974','359871.93169691','2638000',NULL,NULL,'2392000000',NULL,'5708.2359080398','NOK',NULL,'2022-05-02 07:04:41','2022-05-02 07:04:41',NULL),
(501,504,'1878805.9701493','27685.970149254','1983000',NULL,NULL,'2050000000',NULL,'0','ILS',NULL,'2022-05-02 07:04:41','2022-05-02 07:04:41',NULL),
(502,505,'960442.10526316','150907.89473684','1098000',NULL,NULL,'995900000',NULL,'375.13034210526','OMR',NULL,'2022-05-02 07:04:41','2022-05-02 07:04:41',NULL),
(503,506,'37805730.25856','1384550.8788905','45053000',NULL,NULL,'45600000000',NULL,'5239.0499144639','PKR',NULL,'2022-05-02 07:04:41','2022-05-02 07:04:41',NULL),
(504,507,'49003','7699','56702',NULL,NULL,'51000000',NULL,'0','USD',NULL,'2022-05-02 07:04:41','2022-05-02 07:04:41',NULL),
(505,508,'609799','37300','647100',NULL,NULL,'639800000',NULL,'252.04','PAB',NULL,'2022-05-02 07:04:41','2022-05-02 07:04:41',NULL),
(506,509,'7759490.0849858','283286.11898017','8206000',NULL,NULL,'8306000000',NULL,'59.652702877965','PGK',NULL,'2022-05-02 07:04:41','2022-05-02 07:04:41',NULL),
(507,510,'1723762.8826583','105449.37181424','1838000',NULL,NULL,'1817000000',NULL,'552.45830261608','PYG',NULL,'2022-05-02 07:04:41','2022-05-02 07:04:41',NULL),
(508,511,'1942857.1428571','118853.50649351','2271000',NULL,NULL,'2245000000',NULL,'1047.8106043759','PEN',NULL,'2022-05-02 07:04:41','2022-05-02 07:04:41',NULL),
(509,512,'70598323.170732','2585746.9512195','77414000',NULL,NULL,'79073000000',NULL,'15740.502271652','PHP',NULL,'2022-05-02 07:04:41','2022-05-02 07:04:41',NULL),
(510,513,'34753950.3386','5460496.6139955','45682000',NULL,NULL,'44871000000',NULL,'28621.982303442','PLN',NULL,'2022-05-02 07:04:41','2022-05-02 07:04:41',NULL),
(511,514,'54523157.894737','8566315.7894737','11215000',NULL,NULL,'10206000000',NULL,'28219.25525293','EUR',NULL,'2022-05-02 07:04:41','2022-05-02 07:04:41',NULL),
(512,515,'1879945.0549451','274725.27472527','2175000',NULL,NULL,'1972000000',NULL,'512.59','QAR',NULL,'2022-05-02 07:04:41','2022-05-02 07:04:41',NULL),
(513,516,'5315285.2529602','322927.87944026','6050000',NULL,NULL,'5981000000',NULL,'581.67058254647','MDL',NULL,'2022-05-02 07:04:41','2022-05-02 07:04:41',NULL),
(514,517,'14111991.43469','856531.04925054','16478000',NULL,NULL,'19745000000',NULL,'13586.362315935','RON',NULL,'2022-05-02 07:04:41','2022-05-02 07:04:41',NULL),
(515,518,'269269734.06501','1646264.2465175','281649000',NULL,NULL,'278472000000',NULL,'155358.6437068','RUB',NULL,'2022-05-02 07:04:41','2022-05-02 07:04:41',NULL),
(516,519,'570760.63666973','8409.8561371289','641899',NULL,NULL,'663700000',NULL,'15.537235986216','RWF',NULL,'2022-05-02 07:04:41','2022-05-02 07:04:41',NULL),
(517,520,'2554.0740740741','370.37037037037','2955',NULL,NULL,'2679000',NULL,'0','XCD',NULL,'2022-05-02 07:04:41','2022-05-02 07:04:41',NULL),
(518,521,'75962.592592593','4646.6666666667','80609',NULL,NULL,'79700000',NULL,'0','XCD',NULL,'2022-05-02 07:04:41','2022-05-02 07:04:41',NULL),
(519,522,'20587.037037037','1259.2592592593','21846',NULL,NULL,'21600000',NULL,'0','XCD',NULL,'2022-05-02 07:04:41','2022-05-02 07:04:41',NULL),
(520,523,'178392.60700389','6532.6848249027','178336',NULL,NULL,'180500000',NULL,'0','WST',NULL,'2022-05-02 07:04:41','2022-05-02 07:04:41',NULL),
(521,524,'122603.15789474','19263.157894737','153938',NULL,NULL,'139580000',NULL,'0','EUR',NULL,'2022-05-02 07:04:41','2022-05-02 07:04:41',NULL),
(522,525,'16638656.909169','609255.27335342','18629000',NULL,NULL,'18855000000',NULL,'0','STN',NULL,'2022-05-02 07:04:41','2022-05-02 07:04:41',NULL),
(523,526,'27649333.333333','4344266.6666667','31993000',NULL,NULL,'30912000000',NULL,'3739.47','SAR',NULL,'2022-05-02 07:04:41','2022-05-02 07:04:41',NULL),
(524,527,'2777822.4315591','101737.74655585','3112000',NULL,NULL,'3150000000',NULL,'23.344695763839','XOF',NULL,'2022-05-02 07:04:41','2022-05-02 07:04:41',NULL),
(525,528,'12368822.315903','756740.51484438','14187000',NULL,NULL,'14027000000',NULL,'0','RSD',NULL,'2022-05-02 07:04:41','2022-05-02 07:04:41',NULL),
(526,529,'52740.062353858','8286.6718628215','44445',NULL,NULL,'40300000',NULL,'0','SCR',NULL,'2022-05-02 07:04:41','2022-05-02 07:04:41',NULL),
(527,530,'1358174.3233434','20014.518303433','1730000',NULL,NULL,'1789000000',NULL,'38.967573347363','SLL',NULL,'2022-05-02 07:04:41','2022-05-02 07:04:41',NULL),
(528,531,'2694202.8985507','423428.98550725','3118000',NULL,NULL,'2828000000',NULL,'3842.9404742754','SGD',NULL,'2022-05-02 07:04:41','2022-05-02 07:04:41',NULL),
(529,532,'148821052.63158','23368421.052632','7658000',NULL,NULL,'6944000000',NULL,'95709.714946491','EUR',NULL,'2022-05-02 07:04:41','2022-05-02 07:04:41',NULL),
(530,533,'754442105.26316','118526315.78947','4341000',NULL,NULL,'3936000000',NULL,'283534.19439507','EUR',NULL,'2022-05-02 07:04:41','2022-05-02 07:04:41',NULL),
(531,534,'509113924.05063','18647.594936709','507738',NULL,NULL,'513500000',NULL,'3.1190175606352','SBD',NULL,'2022-05-02 07:04:41','2022-05-02 07:04:41',NULL),
(532,535,'24931000000','367375000','1136000',NULL,NULL,'1175000000',NULL,'0','USD',NULL,'2022-05-02 07:04:41','2022-05-02 07:04:41',NULL),
(533,536,'19263578.680203','1178299.4923858','19573000',NULL,NULL,'19778000000',NULL,'13178.793153726','ZAR',NULL,'2022-05-02 07:04:41','2022-05-02 07:04:41',NULL),
(534,537,'1055360.1655069','15516.268572503','2745000',NULL,NULL,'2838000000',NULL,'0','SSP',NULL,'2022-05-02 07:04:41','2022-05-02 07:04:41',NULL),
(535,538,'51696842.105263','8105263.1578947','64910000',NULL,NULL,'59071000000',NULL,'29116.190940791','EUR',NULL,'2022-05-02 07:04:41','2022-05-02 07:04:41',NULL),
(536,539,'2023520.3557988','74096.248146881','3964000',NULL,NULL,'4012000000',NULL,'1307.6243349435','LKR',NULL,'2022-05-02 07:04:41','2022-05-02 07:04:41',NULL),
(537,540,'967547.05116112','14149.036517989','8096000',NULL,NULL,'8371000000',NULL,'9.4359019141839','SDG',NULL,'2022-05-02 07:04:41','2022-05-02 07:04:41',NULL),
(538,541,'88517.441860465','5417.1027131783','208350',NULL,NULL,'206000000',NULL,'33.079557346723','SRD',NULL,'2022-05-02 07:04:41','2022-05-02 07:04:41',NULL),
(539,542,'5205300.7135576','817838.93985729','6415000',NULL,NULL,'5859000000',NULL,'4197.5067999342','SEK',NULL,'2022-05-02 07:04:41','2022-05-02 07:04:41',NULL),
(540,543,'9872164.9484536','1546391.7525773','11801000',NULL,NULL,'10650000000',NULL,'7281.2766928866','CHF',NULL,'2022-05-02 07:04:41','2022-05-02 07:04:41',NULL),
(541,544,'2445090.9148795','36015.743456477','26304000',NULL,NULL,'27197000000',NULL,'113.42600116139','SYP',NULL,'2022-05-02 07:04:41','2022-05-02 07:04:41',NULL),
(542,545,'1606661.3162119','58834.590690209','2010000',NULL,NULL,'2034000000',NULL,'139.43733718566','TJS',NULL,'2022-05-02 07:04:41','2022-05-02 07:04:41',NULL),
(543,546,'5184067.5920338','189836.19277524','5434000',NULL,NULL,'5500000000',NULL,'0','TZS',NULL,'2022-05-02 07:04:41','2022-05-02 07:04:41',NULL),
(544,547,'40768782.760629','2494408.85265','47485000',NULL,NULL,'47121000000',NULL,'15916.067905728','THB',NULL,'2022-05-02 07:04:41','2022-05-02 07:04:41',NULL),
(545,548,'17749473.684211','2788421.0526316','22286000',NULL,NULL,'20900000000',NULL,'20126.039679535','EUR',NULL,'2022-05-02 07:04:41','2022-05-02 07:04:41',NULL),
(546,549,'790136','28900','819070',NULL,NULL,'829000000',NULL,'143.41','USD',NULL,'2022-05-02 07:04:41','2022-05-02 07:04:41',NULL),
(547,550,'564407.54255952','8315.7843972543','618978',NULL,NULL,'640000000',NULL,'10.464863618273','XOF',NULL,'2022-05-02 07:04:42','2022-05-02 07:04:42',NULL),
(548,551,'64598.245614035','3951.3157894737','67967',NULL,NULL,'67200000',NULL,'11.40703537461','TOP',NULL,'2022-05-02 07:04:42','2022-05-02 07:04:42',NULL),
(549,552,'699705.44918999','109945.06627393','814354',NULL,NULL,'738400000',NULL,'697.58557817478','TTD',NULL,'2022-05-02 07:04:42','2022-05-02 07:04:42',NULL),
(550,553,'12285333.333333','449666.66666667','13585000',NULL,NULL,'13750000000',NULL,'2097.54121575','TND',NULL,'2022-05-02 07:04:42','2022-05-02 07:04:42',NULL),
(551,554,'46316677.874916','2833154.001345','104280000',NULL,NULL,'105762000000',NULL,'20760.804238214','TRY',NULL,'2022-05-02 07:04:42','2022-05-02 07:04:42',NULL),
(552,555,'5327714285.7143','325714285.71429','3805000',NULL,NULL,'3762000000',NULL,'0','TMT',NULL,'2022-05-02 07:04:42','2022-05-02 07:04:42',NULL),
(553,556,'3845.390070922','235.4609929078','3960',NULL,NULL,'3915000000',NULL,'0','AUD',NULL,'2022-05-02 07:04:42','2022-05-02 07:04:42',NULL),
(554,557,'252094000','39600000','291704000',NULL,NULL,'266341000000',NULL,'531002.68','USD',NULL,'2022-05-02 07:04:42','2022-05-02 07:04:42',NULL),
(555,558,'4115200.7944882','60641.233262424','3980000',NULL,NULL,'4115000000',NULL,'0','UGX',NULL,'2022-05-02 07:04:42','2022-05-02 07:04:42',NULL),
(556,559,'62013422.818792','2271543.6241611','71084000',NULL,NULL,'71947000000',NULL,'11711.108468646','UAH',NULL,'2022-05-02 07:04:42','2022-05-02 07:04:42',NULL),
(557,560,'5684196.1852861','892915.53133515','6573000',NULL,NULL,'5960000000',NULL,'569.59774523161','AED',NULL,'2022-05-02 07:04:42','2022-05-02 07:04:42',NULL),
(558,561,'41852500','6575000','49670000',NULL,NULL,'44874000000',NULL,'44724.142228376','GBP',NULL,'2022-05-02 07:04:42','2022-05-02 07:04:42',NULL),
(559,562,'2359357.6430814','370707.55856073','2690000',NULL,NULL,'1824000000',NULL,'1731.3412693391','UYU',NULL,'2022-05-02 07:04:42','2022-05-02 07:04:42',NULL),
(560,563,'9248512.8277037','338602.48050811','10608000',NULL,NULL,'10737000000',NULL,'2232.5872856158','UZS',NULL,'2022-05-02 07:04:42','2022-05-02 07:04:42',NULL),
(561,564,'176755.72186929','6472.7090766687','182485',NULL,NULL,'184700000',NULL,'0','VUV',NULL,'2022-05-02 07:04:42','2022-05-02 07:04:42',NULL),
(562,565,'19171812.080537','1163310.9619687','9116000',NULL,NULL,'9014000000',NULL,'11648.389932886','VES',NULL,'2022-05-02 07:04:42','2022-05-02 07:04:42',NULL),
(563,566,'73354005.298369','2730718.1426731','75336000',NULL,NULL,'76251000000',NULL,'12779.651288803','VND',NULL,'2022-05-02 07:04:42','2022-05-02 07:04:42',NULL),
(564,567,'19691412.168089','290216.0912208','6769000',NULL,NULL,'6999000000',NULL,'2362.384538713','YER',NULL,'2022-05-02 07:04:42','2022-05-02 07:04:42',NULL),
(565,568,'1352344.6658851','49522.86049238','1303000',NULL,NULL,'1319000000',NULL,'0','ZMK',NULL,'2022-05-02 07:04:42','2022-05-02 07:04:42',NULL),
(566,569,'352761.00628931','12911.949685535','1132000',NULL,NULL,'1146000000',NULL,'0','ZWL',NULL,'2022-05-02 07:04:42','2022-05-02 07:04:42',NULL);

/*Table structure for table `countries` */

DROP TABLE IF EXISTS `countries`;

CREATE TABLE `countries` (
  `id` bigint(20) unsigned NOT NULL AUTO_INCREMENT,
  `name` varchar(191) COLLATE utf8mb4_unicode_ci NOT NULL,
  `iso2` varchar(191) COLLATE utf8mb4_unicode_ci NOT NULL,
  `iso3` varchar(191) COLLATE utf8mb4_unicode_ci DEFAULT NULL,
  `flag` blob,
  `currency` varchar(191) COLLATE utf8mb4_unicode_ci DEFAULT NULL,
  `currency_symbol` varchar(191) COLLATE utf8mb4_unicode_ci DEFAULT NULL,
  `region` varchar(191) COLLATE utf8mb4_unicode_ci DEFAULT NULL,
  `publish` int(11) NOT NULL DEFAULT '0',
  `deleted_at` timestamp NULL DEFAULT NULL,
  `created_at` timestamp NULL DEFAULT NULL,
  `updated_at` timestamp NULL DEFAULT NULL,
  PRIMARY KEY (`id`)
) ENGINE=InnoDB AUTO_INCREMENT=570 DEFAULT CHARSET=utf8mb4 COLLATE=utf8mb4_unicode_ci;

/*Data for the table `countries` */

insert  into `countries`(`id`,`name`,`iso2`,`iso3`,`flag`,`currency`,`currency_symbol`,`region`,`publish`,`deleted_at`,`created_at`,`updated_at`) values 
(375,'Afghanistan','AF',NULL,NULL,'3',NULL,'EMRO',1,NULL,'2022-05-02 07:04:40','2022-05-02 07:04:40'),
(376,'Albania','AL',NULL,NULL,'4',NULL,'EURO',1,NULL,'2022-05-02 07:04:40','2022-05-02 07:04:40'),
(377,'Algeria','DZ',NULL,NULL,'40',NULL,'AFRO',1,NULL,'2022-05-02 07:04:40','2022-05-02 07:04:40'),
(378,'Andorra','AD',NULL,NULL,'44',NULL,'EURO',1,NULL,'2022-05-02 07:04:40','2022-05-02 07:04:40'),
(379,'Angola','AO',NULL,NULL,'7',NULL,'AFRO',1,NULL,'2022-05-02 07:04:40','2022-05-02 07:04:40'),
(380,'Antigua and Barbuda','AG',NULL,NULL,'154',NULL,'PAHO',1,NULL,'2022-05-02 07:04:40','2022-05-02 07:04:40'),
(381,'Argentina','AR',NULL,NULL,'8',NULL,'PAHO',1,NULL,'2022-05-02 07:04:40','2022-05-02 07:04:40'),
(382,'Armenia','AM',NULL,NULL,'5',NULL,'EURO',1,NULL,'2022-05-02 07:04:40','2022-05-02 07:04:40'),
(383,'Australia','AU',NULL,NULL,'9',NULL,'WPRO',1,NULL,'2022-05-02 07:04:40','2022-05-02 07:04:40'),
(384,'Austria','AT',NULL,NULL,'44',NULL,'EURO',1,NULL,'2022-05-02 07:04:40','2022-05-02 07:04:40'),
(385,'Azerbaijan','AZ',NULL,NULL,'11',NULL,'EURO',1,NULL,'2022-05-02 07:04:40','2022-05-02 07:04:40'),
(386,'Bahamas','BS',NULL,NULL,'22',NULL,'PAHO',1,NULL,'2022-05-02 07:04:40','2022-05-02 07:04:40'),
(387,'Bahrain','BH',NULL,NULL,'16',NULL,'EMRO',1,NULL,'2022-05-02 07:04:40','2022-05-02 07:04:40'),
(388,'Bangladesh','BD',NULL,NULL,'14',NULL,'SEARO',1,NULL,'2022-05-02 07:04:40','2022-05-02 07:04:40'),
(389,'Barbados','BB',NULL,NULL,'13',NULL,'PAHO',1,NULL,'2022-05-02 07:04:40','2022-05-02 07:04:40'),
(390,'Belarus','BY',NULL,NULL,'25',NULL,'EURO',1,NULL,'2022-05-02 07:04:40','2022-05-02 07:04:40'),
(391,'Belgium','BE',NULL,NULL,'44',NULL,'EURO',1,NULL,'2022-05-02 07:04:40','2022-05-02 07:04:40'),
(392,'Belize','BZ',NULL,NULL,'26',NULL,'PAHO',1,NULL,'2022-05-02 07:04:40','2022-05-02 07:04:40'),
(393,'Benin','BJ',NULL,NULL,'156',NULL,'AFRO',1,NULL,'2022-05-02 07:04:40','2022-05-02 07:04:40'),
(394,'Bhutan','BT',NULL,NULL,'23',NULL,'SEARO',1,NULL,'2022-05-02 07:04:40','2022-05-02 07:04:40'),
(395,'Bolivia','BO',NULL,NULL,'20',NULL,'PAHO',1,NULL,'2022-05-02 07:04:40','2022-05-02 07:04:40'),
(396,'Bosnia and Herzegovina','BA',NULL,NULL,'12',NULL,'EURO',1,NULL,'2022-05-02 07:04:41','2022-05-02 07:04:41'),
(397,'Botswana','BW',NULL,NULL,'24',NULL,'AFRO',1,NULL,'2022-05-02 07:04:41','2022-05-02 07:04:41'),
(398,'Brazil','BR',NULL,NULL,'21',NULL,'PAHO',1,NULL,'2022-05-02 07:04:41','2022-05-02 07:04:41'),
(399,'Brunei Darussalam','BN',NULL,NULL,'19',NULL,'WPRO',1,NULL,'2022-05-02 07:04:41','2022-05-02 07:04:41'),
(400,'Bulgaria','BG',NULL,NULL,'15',NULL,'EURO',1,NULL,'2022-05-02 07:04:41','2022-05-02 07:04:41'),
(401,'Burkina Faso','BF',NULL,NULL,'156',NULL,'AFRO',1,NULL,'2022-05-02 07:04:41','2022-05-02 07:04:41'),
(402,'Burundi','BI',NULL,NULL,'17',NULL,'AFRO',1,NULL,'2022-05-02 07:04:41','2022-05-02 07:04:41'),
(403,'Cabo Verde','CV',NULL,NULL,'35',NULL,'AFRO',1,NULL,'2022-05-02 07:04:41','2022-05-02 07:04:41'),
(404,'Cambodia','KH',NULL,NULL,'75',NULL,'WPRO',1,NULL,'2022-05-02 07:04:41','2022-05-02 07:04:41'),
(405,'Cameroon','CM',NULL,NULL,'153',NULL,'AFRO',1,NULL,'2022-05-02 07:04:41','2022-05-02 07:04:41'),
(406,'Canada','CA',NULL,NULL,'27',NULL,'PAHO',1,NULL,'2022-05-02 07:04:41','2022-05-02 07:04:41'),
(407,'Central African Republic','CF',NULL,NULL,'153',NULL,'AFRO',1,NULL,'2022-05-02 07:04:41','2022-05-02 07:04:41'),
(408,'Chad','TD',NULL,NULL,'153',NULL,'AFRO',1,NULL,'2022-05-02 07:04:41','2022-05-02 07:04:41'),
(409,'Chile','CL',NULL,NULL,'30',NULL,'PAHO',1,NULL,'2022-05-02 07:04:41','2022-05-02 07:04:41'),
(410,'China','CN',NULL,NULL,'31',NULL,'WPRO',1,NULL,'2022-05-02 07:04:41','2022-05-02 07:04:41'),
(411,'Colombia','CO',NULL,NULL,'32',NULL,'PAHO',1,NULL,'2022-05-02 07:04:41','2022-05-02 07:04:41'),
(412,'Comoros','KM',NULL,NULL,'77',NULL,'AFRO',1,NULL,'2022-05-02 07:04:41','2022-05-02 07:04:41'),
(413,'Congo','CG',NULL,NULL,'153',NULL,'AFRO',1,NULL,'2022-05-02 07:04:41','2022-05-02 07:04:41'),
(414,'Cook Islands','CK',NULL,NULL,'107',NULL,'WPRO',1,NULL,'2022-05-02 07:04:41','2022-05-02 07:04:41'),
(415,'Costa Rica','CR',NULL,NULL,'33',NULL,'PAHO',1,NULL,'2022-05-02 07:04:41','2022-05-02 07:04:41'),
(416,'Côte d\'Ivoire','CI',NULL,NULL,'156',NULL,'AFRO',1,NULL,'2022-05-02 07:04:41','2022-05-02 07:04:41'),
(417,'Croatia','HR',NULL,NULL,'59',NULL,'EURO',1,NULL,'2022-05-02 07:04:41','2022-05-02 07:04:41'),
(418,'Cuba','CU',NULL,NULL,'34',NULL,'PAHO',1,NULL,'2022-05-02 07:04:41','2022-05-02 07:04:41'),
(419,'Cyprus','CY',NULL,NULL,'44',NULL,'EURO',1,NULL,'2022-05-02 07:04:41','2022-05-02 07:04:41'),
(420,'Czech Republic','CZ',NULL,NULL,'36',NULL,'EURO',1,NULL,'2022-05-02 07:04:41','2022-05-02 07:04:41'),
(421,'Democratic People\'s Republic of Korea','KP',NULL,NULL,'162',NULL,'SEARO',1,NULL,'2022-05-02 07:04:41','2022-05-02 07:04:41'),
(422,'Democratic Republic of the Congo','CD',NULL,NULL,'28',NULL,'AFRO',1,NULL,'2022-05-02 07:04:41','2022-05-02 07:04:41'),
(423,'Denmark','DK',NULL,NULL,'38',NULL,'EURO',1,NULL,'2022-05-02 07:04:41','2022-05-02 07:04:41'),
(424,'Djibouti','DJ',NULL,NULL,'37',NULL,'EMRO',1,NULL,'2022-05-02 07:04:41','2022-05-02 07:04:41'),
(425,'Dominica','DM',NULL,NULL,'154',NULL,'PAHO',1,NULL,'2022-05-02 07:04:41','2022-05-02 07:04:41'),
(426,'Dominican Republic','DO',NULL,NULL,'39',NULL,'PAHO',1,NULL,'2022-05-02 07:04:41','2022-05-02 07:04:41'),
(427,'Ecuador','EC',NULL,NULL,'1',NULL,'PAHO',1,NULL,'2022-05-02 07:04:41','2022-05-02 07:04:41'),
(428,'Egypt','EG',NULL,NULL,'41',NULL,'EMRO',1,NULL,'2022-05-02 07:04:41','2022-05-02 07:04:41'),
(429,'El Salvador','SV',NULL,NULL,'1',NULL,'PAHO',1,NULL,'2022-05-02 07:04:41','2022-05-02 07:04:41'),
(430,'Equatorial Guinea','GQ',NULL,NULL,'153',NULL,'AFRO',1,NULL,'2022-05-02 07:04:41','2022-05-02 07:04:41'),
(431,'Eritrea','ER',NULL,NULL,'42',NULL,'AFRO',1,NULL,'2022-05-02 07:04:41','2022-05-02 07:04:41'),
(432,'Estonia','EE',NULL,NULL,'44',NULL,'EURO',1,NULL,'2022-05-02 07:04:41','2022-05-02 07:04:41'),
(433,'Eswatini','SZ',NULL,NULL,'134',NULL,'AFRO',1,NULL,'2022-05-02 07:04:41','2022-05-02 07:04:41'),
(434,'Ethiopia','ET',NULL,NULL,'43',NULL,'AFRO',1,NULL,'2022-05-02 07:04:41','2022-05-02 07:04:41'),
(435,'Fiji','FJ',NULL,NULL,'45',NULL,'WPRO',1,NULL,'2022-05-02 07:04:41','2022-05-02 07:04:41'),
(436,'Finland','FI',NULL,NULL,'44',NULL,'EURO',1,NULL,'2022-05-02 07:04:41','2022-05-02 07:04:41'),
(437,'France','FR',NULL,NULL,'44',NULL,'EURO',1,NULL,'2022-05-02 07:04:41','2022-05-02 07:04:41'),
(438,'Gabon','GA',NULL,NULL,'153',NULL,'AFRO',1,NULL,'2022-05-02 07:04:41','2022-05-02 07:04:41'),
(439,'Gambia','GM',NULL,NULL,'53',NULL,'AFRO',1,NULL,'2022-05-02 07:04:41','2022-05-02 07:04:41'),
(440,'Georgia','GE',NULL,NULL,'49',NULL,'EURO',1,NULL,'2022-05-02 07:04:41','2022-05-02 07:04:41'),
(441,'Germany','DE',NULL,NULL,'44',NULL,'EURO',1,NULL,'2022-05-02 07:04:41','2022-05-02 07:04:41'),
(442,'Ghana','GH',NULL,NULL,'51',NULL,'AFRO',1,NULL,'2022-05-02 07:04:41','2022-05-02 07:04:41'),
(443,'Greece','GR',NULL,NULL,'44',NULL,'EURO',1,NULL,'2022-05-02 07:04:41','2022-05-02 07:04:41'),
(444,'Grenada','GD',NULL,NULL,'154',NULL,'PAHO',1,NULL,'2022-05-02 07:04:41','2022-05-02 07:04:41'),
(445,'Guatemala','GT',NULL,NULL,'55',NULL,'PAHO',1,NULL,'2022-05-02 07:04:41','2022-05-02 07:04:41'),
(446,'Guinea','GN',NULL,NULL,'54',NULL,'AFRO',1,NULL,'2022-05-02 07:04:41','2022-05-02 07:04:41'),
(447,'Guinea-Bissau','GW',NULL,NULL,'156',NULL,'AFRO',1,NULL,'2022-05-02 07:04:41','2022-05-02 07:04:41'),
(448,'Guyana','GY',NULL,NULL,'56',NULL,'PAHO',1,NULL,'2022-05-02 07:04:41','2022-05-02 07:04:41'),
(449,'Haiti','HT',NULL,NULL,'60',NULL,'PAHO',1,NULL,'2022-05-02 07:04:41','2022-05-02 07:04:41'),
(450,'Honduras','HN',NULL,NULL,'58',NULL,'PAHO',1,NULL,'2022-05-02 07:04:41','2022-05-02 07:04:41'),
(451,'Hungary','HU',NULL,NULL,'61',NULL,'EURO',1,NULL,'2022-05-02 07:04:41','2022-05-02 07:04:41'),
(452,'Iceland','IS',NULL,NULL,'68',NULL,'EURO',1,NULL,'2022-05-02 07:04:41','2022-05-02 07:04:41'),
(453,'India','IN',NULL,NULL,'65',NULL,'SEARO',1,NULL,'2022-05-02 07:04:41','2022-05-02 07:04:41'),
(454,'Indonesia','ID',NULL,NULL,'62',NULL,'SEARO',1,NULL,'2022-05-02 07:04:41','2022-05-02 07:04:41'),
(455,'Iran, Islamic Republic','IR',NULL,NULL,'67',NULL,'EMRO',1,NULL,'2022-05-02 07:04:41','2022-05-02 07:04:41'),
(456,'Iraq','IQ',NULL,NULL,'66',NULL,'EMRO',1,NULL,'2022-05-02 07:04:41','2022-05-02 07:04:41'),
(457,'Ireland','IE',NULL,NULL,'44',NULL,'EURO',1,NULL,'2022-05-02 07:04:41','2022-05-02 07:04:41'),
(458,'Israel','IL',NULL,NULL,'63',NULL,'EURO',1,NULL,'2022-05-02 07:04:41','2022-05-02 07:04:41'),
(459,'Italy','IT',NULL,NULL,'44',NULL,'EURO',1,NULL,'2022-05-02 07:04:41','2022-05-02 07:04:41'),
(460,'Jamaica','JM',NULL,NULL,'70',NULL,'PAHO',1,NULL,'2022-05-02 07:04:41','2022-05-02 07:04:41'),
(461,'Japan','JP',NULL,NULL,'72',NULL,'WPRO',1,NULL,'2022-05-02 07:04:41','2022-05-02 07:04:41'),
(462,'Jordan','JO',NULL,NULL,'71',NULL,'EMRO',1,NULL,'2022-05-02 07:04:41','2022-05-02 07:04:41'),
(463,'Kazakhstan','KZ',NULL,NULL,'81',NULL,'EURO',1,NULL,'2022-05-02 07:04:41','2022-05-02 07:04:41'),
(464,'Kenya','KE',NULL,NULL,'73',NULL,'AFRO',1,NULL,'2022-05-02 07:04:41','2022-05-02 07:04:41'),
(465,'Kiribati','KI',NULL,NULL,'9',NULL,'WPRO',1,NULL,'2022-05-02 07:04:41','2022-05-02 07:04:41'),
(466,'Korea, Rep','KR',NULL,NULL,'78',NULL,'WPRO',1,NULL,'2022-05-02 07:04:41','2022-05-02 07:04:41'),
(467,'Kuwait','KW',NULL,NULL,'79',NULL,'EMRO',1,NULL,'2022-05-02 07:04:41','2022-05-02 07:04:41'),
(468,'Kyrgyzstan','KG',NULL,NULL,'74',NULL,'EURO',1,NULL,'2022-05-02 07:04:41','2022-05-02 07:04:41'),
(469,'Lao PDR','LA',NULL,NULL,'82',NULL,'WPRO',1,NULL,'2022-05-02 07:04:41','2022-05-02 07:04:41'),
(470,'Latvia','LV',NULL,NULL,'44',NULL,'EURO',1,NULL,'2022-05-02 07:04:41','2022-05-02 07:04:41'),
(471,'Lebanon','LB',NULL,NULL,'83',NULL,'EMRO',1,NULL,'2022-05-02 07:04:41','2022-05-02 07:04:41'),
(472,'Lesotho','LS',NULL,NULL,'86',NULL,'AFRO',1,NULL,'2022-05-02 07:04:41','2022-05-02 07:04:41'),
(473,'Liberia','LR',NULL,NULL,'85',NULL,'AFRO',1,NULL,'2022-05-02 07:04:41','2022-05-02 07:04:41'),
(474,'Libya','LY',NULL,NULL,'87',NULL,'EMRO',1,NULL,'2022-05-02 07:04:41','2022-05-02 07:04:41'),
(475,'Lithuania','LT',NULL,NULL,'44',NULL,'EURO',1,NULL,'2022-05-02 07:04:41','2022-05-02 07:04:41'),
(476,'Luxembourg','LU',NULL,NULL,'44',NULL,'EURO',1,NULL,'2022-05-02 07:04:41','2022-05-02 07:04:41'),
(477,'Madagascar','MG',NULL,NULL,'90',NULL,'AFRO',1,NULL,'2022-05-02 07:04:41','2022-05-02 07:04:41'),
(478,'Malawi','MW',NULL,NULL,'98',NULL,'AFRO',1,NULL,'2022-05-02 07:04:41','2022-05-02 07:04:41'),
(479,'Malaysia','MY',NULL,NULL,'100',NULL,'WPRO',1,NULL,'2022-05-02 07:04:41','2022-05-02 07:04:41'),
(480,'Maldives','MV',NULL,NULL,'97',NULL,'SEARO',1,NULL,'2022-05-02 07:04:41','2022-05-02 07:04:41'),
(481,'Mali','ML',NULL,NULL,'156',NULL,'AFRO',1,NULL,'2022-05-02 07:04:41','2022-05-02 07:04:41'),
(482,'Malta','MT',NULL,NULL,'44',NULL,'EURO',1,NULL,'2022-05-02 07:04:41','2022-05-02 07:04:41'),
(483,'Marshall Islands','MH',NULL,NULL,'1',NULL,'WPRO',1,NULL,'2022-05-02 07:04:41','2022-05-02 07:04:41'),
(484,'Mauritania','MR',NULL,NULL,'163',NULL,'AFRO',1,NULL,'2022-05-02 07:04:41','2022-05-02 07:04:41'),
(485,'Mauritius','MU',NULL,NULL,'96',NULL,'AFRO',1,NULL,'2022-05-02 07:04:41','2022-05-02 07:04:41'),
(486,'Mexico','MX',NULL,NULL,'99',NULL,'PAHO',1,NULL,'2022-05-02 07:04:41','2022-05-02 07:04:41'),
(487,'Micronesia (Federated States of)','FM',NULL,NULL,'1',NULL,'WPRO',1,NULL,'2022-05-02 07:04:41','2022-05-02 07:04:41'),
(488,'Monaco','MC',NULL,NULL,'44',NULL,'EURO',1,NULL,'2022-05-02 07:04:41','2022-05-02 07:04:41'),
(489,'Mongolia','MN',NULL,NULL,'93',NULL,'WPRO',1,NULL,'2022-05-02 07:04:41','2022-05-02 07:04:41'),
(490,'Montenegro','ME',NULL,NULL,'44',NULL,'EURO',1,NULL,'2022-05-02 07:04:41','2022-05-02 07:04:41'),
(491,'Morocco','MA',NULL,NULL,'88',NULL,'EMRO',1,NULL,'2022-05-02 07:04:41','2022-05-02 07:04:41'),
(492,'Mozambique','MZ',NULL,NULL,'101',NULL,'AFRO',1,NULL,'2022-05-02 07:04:41','2022-05-02 07:04:41'),
(493,'Myanmar','MM',NULL,NULL,'92',NULL,'SEARO',1,NULL,'2022-05-02 07:04:41','2022-05-02 07:04:41'),
(494,'Namibia','NA',NULL,NULL,'102',NULL,'AFRO',1,NULL,'2022-05-02 07:04:41','2022-05-02 07:04:41'),
(495,'Nauru','NR',NULL,NULL,'9',NULL,'WPRO',1,NULL,'2022-05-02 07:04:41','2022-05-02 07:04:41'),
(496,'Nepal','NP',NULL,NULL,'106',NULL,'SEARO',1,NULL,'2022-05-02 07:04:41','2022-05-02 07:04:41'),
(497,'New Zealand','NZ',NULL,NULL,'107',NULL,'WPRO',1,NULL,'2022-05-02 07:04:41','2022-05-02 07:04:41'),
(498,'Nicaragua','NI',NULL,NULL,'104',NULL,'PAHO',1,NULL,'2022-05-02 07:04:41','2022-05-02 07:04:41'),
(499,'Niger','NE',NULL,NULL,'156',NULL,'AFRO',1,NULL,'2022-05-02 07:04:41','2022-05-02 07:04:41'),
(500,'Nigeria','NG',NULL,NULL,'103',NULL,'AFRO',1,NULL,'2022-05-02 07:04:41','2022-05-02 07:04:41'),
(501,'Niue','NU',NULL,NULL,'107',NULL,'WPRO',1,NULL,'2022-05-02 07:04:41','2022-05-02 07:04:41'),
(502,'North Macedonia','MK',NULL,NULL,'91',NULL,'EURO',1,NULL,'2022-05-02 07:04:41','2022-05-02 07:04:41'),
(503,'Norway','NO',NULL,NULL,'105',NULL,'EURO',1,NULL,'2022-05-02 07:04:41','2022-05-02 07:04:41'),
(504,'Occupied Palestinian territory','PS',NULL,NULL,'63',NULL,'EMRO',1,NULL,'2022-05-02 07:04:41','2022-05-02 07:04:41'),
(505,'Oman','OM',NULL,NULL,'108',NULL,'EMRO',1,NULL,'2022-05-02 07:04:41','2022-05-02 07:04:41'),
(506,'Pakistan','PK',NULL,NULL,'113',NULL,'EMRO',1,NULL,'2022-05-02 07:04:41','2022-05-02 07:04:41'),
(507,'Palau','PW',NULL,NULL,'1',NULL,'WPRO',1,NULL,'2022-05-02 07:04:41','2022-05-02 07:04:41'),
(508,'Panama','PA',NULL,NULL,'109',NULL,'PAHO',1,NULL,'2022-05-02 07:04:41','2022-05-02 07:04:41'),
(509,'Papua New Guinea','PG',NULL,NULL,'111',NULL,'WPRO',1,NULL,'2022-05-02 07:04:41','2022-05-02 07:04:41'),
(510,'Paraguay','PY',NULL,NULL,'115',NULL,'PAHO',1,NULL,'2022-05-02 07:04:41','2022-05-02 07:04:41'),
(511,'Peru','PE',NULL,NULL,'110',NULL,'PAHO',1,NULL,'2022-05-02 07:04:41','2022-05-02 07:04:41'),
(512,'Philippines','PH',NULL,NULL,'112',NULL,'WPRO',1,NULL,'2022-05-02 07:04:41','2022-05-02 07:04:41'),
(513,'Poland','PL',NULL,NULL,'114',NULL,'EURO',1,NULL,'2022-05-02 07:04:41','2022-05-02 07:04:41'),
(514,'Portugal','PT',NULL,NULL,'44',NULL,'EURO',1,NULL,'2022-05-02 07:04:41','2022-05-02 07:04:41'),
(515,'Qatar','QA',NULL,NULL,'116',NULL,'EMRO',1,NULL,'2022-05-02 07:04:41','2022-05-02 07:04:41'),
(516,'Republic of Moldova','MD',NULL,NULL,'89',NULL,'EURO',1,NULL,'2022-05-02 07:04:41','2022-05-02 07:04:41'),
(517,'Romania','RO',NULL,NULL,'117',NULL,'EURO',1,NULL,'2022-05-02 07:04:41','2022-05-02 07:04:41'),
(518,'Russian Federation','RU',NULL,NULL,'119',NULL,'EURO',1,NULL,'2022-05-02 07:04:41','2022-05-02 07:04:41'),
(519,'Rwanda','RW',NULL,NULL,'120',NULL,'AFRO',1,NULL,'2022-05-02 07:04:41','2022-05-02 07:04:41'),
(520,'Saint Kitts and Nevis','KN',NULL,NULL,'154',NULL,'WPRO',1,NULL,'2022-05-02 07:04:41','2022-05-02 07:04:41'),
(521,'Saint Lucia','LC',NULL,NULL,'154',NULL,'PAHO',1,NULL,'2022-05-02 07:04:41','2022-05-02 07:04:41'),
(522,'Saint Vincent and the Grenadines','VC',NULL,NULL,'154',NULL,'PAHO',1,NULL,'2022-05-02 07:04:41','2022-05-02 07:04:41'),
(523,'Samoa','WS',NULL,NULL,'152',NULL,'WPRO',1,NULL,'2022-05-02 07:04:41','2022-05-02 07:04:41'),
(524,'San Marino','SM',NULL,NULL,'44',NULL,'EURO',1,NULL,'2022-05-02 07:04:41','2022-05-02 07:04:41'),
(525,'Sao Tome and Principe','ST',NULL,NULL,'132',NULL,'AFRO',1,NULL,'2022-05-02 07:04:41','2022-05-02 07:04:41'),
(526,'Saudi Arabia','SA',NULL,NULL,'121',NULL,'EMRO',1,NULL,'2022-05-02 07:04:41','2022-05-02 07:04:41'),
(527,'Senegal','SN',NULL,NULL,'156',NULL,'AFRO',1,NULL,'2022-05-02 07:04:41','2022-05-02 07:04:41'),
(528,'Serbia','RS',NULL,NULL,'118',NULL,'EURO',1,NULL,'2022-05-02 07:04:41','2022-05-02 07:04:41'),
(529,'Seychelles','SC',NULL,NULL,'123',NULL,'AFRO',1,NULL,'2022-05-02 07:04:41','2022-05-02 07:04:41'),
(530,'Sierra Leone','SL',NULL,NULL,'128',NULL,'AFRO',1,NULL,'2022-05-02 07:04:41','2022-05-02 07:04:41'),
(531,'Singapore','SG',NULL,NULL,'126',NULL,'WPRO',1,NULL,'2022-05-02 07:04:41','2022-05-02 07:04:41'),
(532,'Slovakia','SK',NULL,NULL,'44',NULL,'EURO',1,NULL,'2022-05-02 07:04:41','2022-05-02 07:04:41'),
(533,'Slovenia','SI',NULL,NULL,'44',NULL,'EURO',1,NULL,'2022-05-02 07:04:41','2022-05-02 07:04:41'),
(534,'Solomon Islands','SB',NULL,NULL,'122',NULL,'WPRO',1,NULL,'2022-05-02 07:04:41','2022-05-02 07:04:41'),
(535,'Somalia','SO',NULL,NULL,'1',NULL,'EMRO',1,NULL,'2022-05-02 07:04:41','2022-05-02 07:04:41'),
(536,'South Africa','ZA',NULL,NULL,'159',NULL,'AFRO',1,NULL,'2022-05-02 07:04:41','2022-05-02 07:04:41'),
(537,'South Sudan','SS',NULL,NULL,'131',NULL,'EMRO',1,NULL,'2022-05-02 07:04:41','2022-05-02 07:04:41'),
(538,'Spain','ES',NULL,NULL,'44',NULL,'EURO',1,NULL,'2022-05-02 07:04:41','2022-05-02 07:04:41'),
(539,'Sri Lanka','LK',NULL,NULL,'84',NULL,'SEARO',1,NULL,'2022-05-02 07:04:41','2022-05-02 07:04:41'),
(540,'Sudan','SD',NULL,NULL,'124',NULL,'EMRO',1,NULL,'2022-05-02 07:04:41','2022-05-02 07:04:41'),
(541,'Suriname','SR',NULL,NULL,'130',NULL,'PAHO',1,NULL,'2022-05-02 07:04:41','2022-05-02 07:04:41'),
(542,'Sweden','SE',NULL,NULL,'125',NULL,'EURO',1,NULL,'2022-05-02 07:04:41','2022-05-02 07:04:41'),
(543,'Switzerland','CH',NULL,NULL,'29',NULL,'EURO',1,NULL,'2022-05-02 07:04:41','2022-05-02 07:04:41'),
(544,'Syrian Arab Republic','SY',NULL,NULL,'133',NULL,'EMRO',1,NULL,'2022-05-02 07:04:41','2022-05-02 07:04:41'),
(545,'Tajikistan','TJ',NULL,NULL,'136',NULL,'EURO',1,NULL,'2022-05-02 07:04:41','2022-05-02 07:04:41'),
(546,'Tanzania','TZ',NULL,NULL,'144',NULL,'AFRO',1,NULL,'2022-05-02 07:04:41','2022-05-02 07:04:41'),
(547,'Thailand','TH',NULL,NULL,'135',NULL,'SEARO',1,NULL,'2022-05-02 07:04:41','2022-05-02 07:04:41'),
(548,'The Netherlands','NL',NULL,NULL,'44',NULL,'EURO',1,NULL,'2022-05-02 07:04:41','2022-05-02 07:04:41'),
(549,'Timor-Leste','TL',NULL,NULL,'1',NULL,'SEARO',1,NULL,'2022-05-02 07:04:41','2022-05-02 07:04:41'),
(550,'Togo','TG',NULL,NULL,'156',NULL,'AFRO',1,NULL,'2022-05-02 07:04:41','2022-05-02 07:04:41'),
(551,'Tonga','TO',NULL,NULL,'139',NULL,'WPRO',1,NULL,'2022-05-02 07:04:42','2022-05-02 07:04:42'),
(552,'Trinidad and Tobago','TT',NULL,NULL,'141',NULL,'PAHO',1,NULL,'2022-05-02 07:04:42','2022-05-02 07:04:42'),
(553,'Tunisia','TN',NULL,NULL,'138',NULL,'EMRO',1,NULL,'2022-05-02 07:04:42','2022-05-02 07:04:42'),
(554,'Turkey','TR',NULL,NULL,'140',NULL,'EURO',1,NULL,'2022-05-02 07:04:42','2022-05-02 07:04:42'),
(555,'Turkmenistan','TM',NULL,NULL,'137',NULL,'EURO',1,NULL,'2022-05-02 07:04:42','2022-05-02 07:04:42'),
(556,'Tuvalu','TV',NULL,NULL,'9',NULL,'WPRO',1,NULL,'2022-05-02 07:04:42','2022-05-02 07:04:42'),
(557,'U.S.A.','US',NULL,NULL,'1',NULL,'PAHO',1,NULL,'2022-05-02 07:04:42','2022-05-02 07:04:42'),
(558,'Uganda','UG',NULL,NULL,'146',NULL,'AFRO',1,NULL,'2022-05-02 07:04:42','2022-05-02 07:04:42'),
(559,'Ukraine','UA',NULL,NULL,'145',NULL,'EURO',1,NULL,'2022-05-02 07:04:42','2022-05-02 07:04:42'),
(560,'United Arab Emirates','AE',NULL,NULL,'2',NULL,'EMRO',1,NULL,'2022-05-02 07:04:42','2022-05-02 07:04:42'),
(561,'United Kingdom','GB',NULL,NULL,'48',NULL,'EURO',1,NULL,'2022-05-02 07:04:42','2022-05-02 07:04:42'),
(562,'Uruguay','UY',NULL,NULL,'147',NULL,'PAHO',1,NULL,'2022-05-02 07:04:42','2022-05-02 07:04:42'),
(563,'Uzbekistan','UZ',NULL,NULL,'148',NULL,'EURO',1,NULL,'2022-05-02 07:04:42','2022-05-02 07:04:42'),
(564,'Vanuatu','VU',NULL,NULL,'151',NULL,'WPRO',1,NULL,'2022-05-02 07:04:42','2022-05-02 07:04:42'),
(565,'Venezuela','VE',NULL,NULL,'149',NULL,'PAHO',1,NULL,'2022-05-02 07:04:42','2022-05-02 07:04:42'),
(566,'Vietnam','VN',NULL,NULL,'150',NULL,'WPRO',1,NULL,'2022-05-02 07:04:42','2022-05-02 07:04:42'),
(567,'Yemen','YE',NULL,NULL,'158',NULL,'EMRO',1,NULL,'2022-05-02 07:04:42','2022-05-02 07:04:42'),
(568,'Zambia','ZM',NULL,NULL,'164',NULL,'AFRO',1,NULL,'2022-05-02 07:04:42','2022-05-02 07:04:42'),
(569,'Zimbabwe','ZW',NULL,NULL,'161',NULL,'AFRO',1,NULL,'2022-05-02 07:04:42','2022-05-02 07:04:42');

/*Table structure for table `country_companies` */

DROP TABLE IF EXISTS `country_companies`;

CREATE TABLE `country_companies` (
  `id` bigint(20) unsigned NOT NULL AUTO_INCREMENT,
  `country_id` bigint(20) unsigned NOT NULL,
  `company_id` bigint(20) unsigned NOT NULL,
  `sequence` int(11) DEFAULT NULL,
  `created_at` timestamp NULL DEFAULT NULL,
  `updated_at` timestamp NULL DEFAULT NULL,
  `deleted_at` timestamp NULL DEFAULT NULL,
  PRIMARY KEY (`id`),
  KEY `country_companies_country_id_foreign` (`country_id`),
  KEY `country_companies_company_id_foreign` (`company_id`),
  CONSTRAINT `country_companies_company_id_foreign` FOREIGN KEY (`company_id`) REFERENCES `companies` (`id`) ON DELETE CASCADE,
  CONSTRAINT `country_companies_country_id_foreign` FOREIGN KEY (`country_id`) REFERENCES `countries` (`id`) ON DELETE CASCADE
) ENGINE=InnoDB AUTO_INCREMENT=1175 DEFAULT CHARSET=utf8mb4 COLLATE=utf8mb4_unicode_ci;

/*Data for the table `country_companies` */

insert  into `country_companies`(`id`,`country_id`,`company_id`,`sequence`,`created_at`,`updated_at`,`deleted_at`) values 
(766,375,382,1,'2022-05-02 07:04:40','2022-05-02 07:04:40',NULL),
(767,376,383,1,'2022-05-02 07:04:40','2022-05-02 07:04:40',NULL),
(768,377,384,1,'2022-05-02 07:04:40','2022-05-02 07:04:40',NULL),
(769,377,385,2,'2022-05-02 07:04:40','2022-05-02 07:04:40',NULL),
(770,378,386,1,'2022-05-02 07:04:40','2022-05-02 07:04:40',NULL),
(771,379,382,1,'2022-05-02 07:04:40','2022-05-02 07:04:40',NULL),
(772,379,387,2,'2022-05-02 07:04:40','2022-05-02 07:04:40',NULL),
(773,380,382,1,'2022-05-02 07:04:40','2022-05-02 07:04:40',NULL),
(774,381,388,1,'2022-05-02 07:04:40','2022-05-02 07:04:40',NULL),
(775,381,382,2,'2022-05-02 07:04:40','2022-05-02 07:04:40',NULL),
(776,382,389,1,'2022-05-02 07:04:40','2022-05-02 07:04:40',NULL),
(777,382,390,2,'2022-05-02 07:04:40','2022-05-02 07:04:40',NULL),
(778,383,382,1,'2022-05-02 07:04:40','2022-05-02 07:04:40',NULL),
(779,383,391,2,'2022-05-02 07:04:40','2022-05-02 07:04:40',NULL),
(780,383,390,3,'2022-05-02 07:04:40','2022-05-02 07:04:40',NULL),
(781,384,392,1,'2022-05-02 07:04:40','2022-05-02 07:04:40',NULL),
(782,384,393,2,'2022-05-02 07:04:40','2022-05-02 07:04:40',NULL),
(783,384,394,3,'2022-05-02 07:04:40','2022-05-02 07:04:40',NULL),
(784,385,395,1,'2022-05-02 07:04:40','2022-05-02 07:04:40',NULL),
(785,385,396,2,'2022-05-02 07:04:40','2022-05-02 07:04:40',NULL),
(786,386,397,1,'2022-05-02 07:04:40','2022-05-02 07:04:40',NULL),
(787,387,398,1,'2022-05-02 07:04:40','2022-05-02 07:04:40',NULL),
(788,388,399,1,'2022-05-02 07:04:40','2022-05-02 07:04:40',NULL),
(789,388,400,2,'2022-05-02 07:04:40','2022-05-02 07:04:40',NULL),
(790,389,384,1,'2022-05-02 07:04:40','2022-05-02 07:04:40',NULL),
(791,390,384,1,'2022-05-02 07:04:40','2022-05-02 07:04:40',NULL),
(792,390,401,2,'2022-05-02 07:04:40','2022-05-02 07:04:40',NULL),
(793,391,402,1,'2022-05-02 07:04:40','2022-05-02 07:04:40',NULL),
(794,391,403,2,'2022-05-02 07:04:40','2022-05-02 07:04:40',NULL),
(795,391,404,3,'2022-05-02 07:04:40','2022-05-02 07:04:40',NULL),
(796,392,405,1,'2022-05-02 07:04:40','2022-05-02 07:04:40',NULL),
(797,393,382,1,'2022-05-02 07:04:40','2022-05-02 07:04:40',NULL),
(798,394,382,1,'2022-05-02 07:04:40','2022-05-02 07:04:40',NULL),
(799,395,406,1,'2022-05-02 07:04:40','2022-05-02 07:04:40',NULL),
(800,395,407,2,'2022-05-02 07:04:40','2022-05-02 07:04:40',NULL),
(801,395,408,3,'2022-05-02 07:04:40','2022-05-02 07:04:40',NULL),
(802,396,383,1,'2022-05-02 07:04:41','2022-05-02 07:04:41',NULL),
(803,396,409,2,'2022-05-02 07:04:41','2022-05-02 07:04:41',NULL),
(804,396,390,3,'2022-05-02 07:04:41','2022-05-02 07:04:41',NULL),
(805,397,410,1,'2022-05-02 07:04:41','2022-05-02 07:04:41',NULL),
(806,397,411,2,'2022-05-02 07:04:41','2022-05-02 07:04:41',NULL),
(807,397,412,3,'2022-05-02 07:04:41','2022-05-02 07:04:41',NULL),
(808,397,400,4,'2022-05-02 07:04:41','2022-05-02 07:04:41',NULL),
(809,398,413,1,'2022-05-02 07:04:41','2022-05-02 07:04:41',NULL),
(810,398,414,2,'2022-05-02 07:04:41','2022-05-02 07:04:41',NULL),
(811,400,389,1,'2022-05-02 07:04:41','2022-05-02 07:04:41',NULL),
(812,400,415,2,'2022-05-02 07:04:41','2022-05-02 07:04:41',NULL),
(813,400,416,3,'2022-05-02 07:04:41','2022-05-02 07:04:41',NULL),
(814,401,417,1,'2022-05-02 07:04:41','2022-05-02 07:04:41',NULL),
(815,401,382,2,'2022-05-02 07:04:41','2022-05-02 07:04:41',NULL),
(816,401,388,3,'2022-05-02 07:04:41','2022-05-02 07:04:41',NULL),
(817,402,418,1,'2022-05-02 07:04:41','2022-05-02 07:04:41',NULL),
(818,403,419,1,'2022-05-02 07:04:41','2022-05-02 07:04:41',NULL),
(819,403,420,2,'2022-05-02 07:04:41','2022-05-02 07:04:41',NULL),
(820,404,382,1,'2022-05-02 07:04:41','2022-05-02 07:04:41',NULL),
(821,404,421,2,'2022-05-02 07:04:41','2022-05-02 07:04:41',NULL),
(822,404,422,3,'2022-05-02 07:04:41','2022-05-02 07:04:41',NULL),
(823,405,382,1,'2022-05-02 07:04:41','2022-05-02 07:04:41',NULL),
(824,405,420,2,'2022-05-02 07:04:41','2022-05-02 07:04:41',NULL),
(825,406,382,1,'2022-05-02 07:04:41','2022-05-02 07:04:41',NULL),
(826,406,388,2,'2022-05-02 07:04:41','2022-05-02 07:04:41',NULL),
(827,406,400,3,'2022-05-02 07:04:41','2022-05-02 07:04:41',NULL),
(828,407,423,1,'2022-05-02 07:04:41','2022-05-02 07:04:41',NULL),
(829,408,424,1,'2022-05-02 07:04:41','2022-05-02 07:04:41',NULL),
(830,409,425,1,'2022-05-02 07:04:41','2022-05-02 07:04:41',NULL),
(831,409,388,2,'2022-05-02 07:04:41','2022-05-02 07:04:41',NULL),
(832,409,426,3,'2022-05-02 07:04:41','2022-05-02 07:04:41',NULL),
(833,410,427,1,'2022-05-02 07:04:41','2022-05-02 07:04:41',NULL),
(834,411,388,1,'2022-05-02 07:04:41','2022-05-02 07:04:41',NULL),
(835,411,382,2,'2022-05-02 07:04:41','2022-05-02 07:04:41',NULL),
(836,411,400,3,'2022-05-02 07:04:41','2022-05-02 07:04:41',NULL),
(837,412,420,1,'2022-05-02 07:04:41','2022-05-02 07:04:41',NULL),
(838,413,382,1,'2022-05-02 07:04:41','2022-05-02 07:04:41',NULL),
(839,414,382,1,'2022-05-02 07:04:41','2022-05-02 07:04:41',NULL),
(840,415,428,1,'2022-05-02 07:04:41','2022-05-02 07:04:41',NULL),
(841,415,429,2,'2022-05-02 07:04:41','2022-05-02 07:04:41',NULL),
(842,416,430,1,'2022-05-02 07:04:41','2022-05-02 07:04:41',NULL),
(843,416,431,2,'2022-05-02 07:04:41','2022-05-02 07:04:41',NULL),
(844,416,432,3,'2022-05-02 07:04:41','2022-05-02 07:04:41',NULL),
(845,417,383,1,'2022-05-02 07:04:41','2022-05-02 07:04:41',NULL),
(846,417,433,2,'2022-05-02 07:04:41','2022-05-02 07:04:41',NULL),
(847,417,390,3,'2022-05-02 07:04:41','2022-05-02 07:04:41',NULL),
(848,418,389,1,'2022-05-02 07:04:41','2022-05-02 07:04:41',NULL),
(849,418,384,2,'2022-05-02 07:04:41','2022-05-02 07:04:41',NULL),
(850,418,434,3,'2022-05-02 07:04:41','2022-05-02 07:04:41',NULL),
(851,419,382,1,'2022-05-02 07:04:41','2022-05-02 07:04:41',NULL),
(852,419,435,2,'2022-05-02 07:04:41','2022-05-02 07:04:41',NULL),
(853,420,388,1,'2022-05-02 07:04:41','2022-05-02 07:04:41',NULL),
(854,420,382,2,'2022-05-02 07:04:41','2022-05-02 07:04:41',NULL),
(855,420,436,3,'2022-05-02 07:04:41','2022-05-02 07:04:41',NULL),
(856,421,437,1,'2022-05-02 07:04:41','2022-05-02 07:04:41',NULL),
(857,422,382,1,'2022-05-02 07:04:41','2022-05-02 07:04:41',NULL),
(858,423,382,1,'2022-05-02 07:04:41','2022-05-02 07:04:41',NULL),
(859,423,438,2,'2022-05-02 07:04:41','2022-05-02 07:04:41',NULL),
(860,423,439,3,'2022-05-02 07:04:41','2022-05-02 07:04:41',NULL),
(861,424,440,1,'2022-05-02 07:04:41','2022-05-02 07:04:41',NULL),
(862,425,441,1,'2022-05-02 07:04:41','2022-05-02 07:04:41',NULL),
(863,425,442,2,'2022-05-02 07:04:41','2022-05-02 07:04:41',NULL),
(864,425,443,3,'2022-05-02 07:04:41','2022-05-02 07:04:41',NULL),
(865,425,444,4,'2022-05-02 07:04:41','2022-05-02 07:04:41',NULL),
(866,426,445,1,'2022-05-02 07:04:41','2022-05-02 07:04:41',NULL),
(867,426,446,2,'2022-05-02 07:04:41','2022-05-02 07:04:41',NULL),
(868,426,447,3,'2022-05-02 07:04:41','2022-05-02 07:04:41',NULL),
(869,426,448,4,'2022-05-02 07:04:41','2022-05-02 07:04:41',NULL),
(870,427,388,1,'2022-05-02 07:04:41','2022-05-02 07:04:41',NULL),
(871,428,449,1,'2022-05-02 07:04:41','2022-05-02 07:04:41',NULL),
(872,428,450,2,'2022-05-02 07:04:41','2022-05-02 07:04:41',NULL),
(873,428,451,3,'2022-05-02 07:04:41','2022-05-02 07:04:41',NULL),
(874,429,452,1,'2022-05-02 07:04:41','2022-05-02 07:04:41',NULL),
(875,429,453,2,'2022-05-02 07:04:41','2022-05-02 07:04:41',NULL),
(876,429,454,3,'2022-05-02 07:04:41','2022-05-02 07:04:41',NULL),
(877,430,382,1,'2022-05-02 07:04:41','2022-05-02 07:04:41',NULL),
(878,431,382,1,'2022-05-02 07:04:41','2022-05-02 07:04:41',NULL),
(879,432,393,1,'2022-05-02 07:04:41','2022-05-02 07:04:41',NULL),
(880,432,455,2,'2022-05-02 07:04:41','2022-05-02 07:04:41',NULL),
(881,432,390,3,'2022-05-02 07:04:41','2022-05-02 07:04:41',NULL),
(882,433,382,1,'2022-05-02 07:04:41','2022-05-02 07:04:41',NULL),
(883,434,456,1,'2022-05-02 07:04:41','2022-05-02 07:04:41',NULL),
(884,434,457,2,'2022-05-02 07:04:41','2022-05-02 07:04:41',NULL),
(885,434,458,3,'2022-05-02 07:04:41','2022-05-02 07:04:41',NULL),
(886,435,459,1,'2022-05-02 07:04:41','2022-05-02 07:04:41',NULL),
(887,436,441,1,'2022-05-02 07:04:41','2022-05-02 07:04:41',NULL),
(888,436,460,2,'2022-05-02 07:04:41','2022-05-02 07:04:41',NULL),
(889,436,420,3,'2022-05-02 07:04:41','2022-05-02 07:04:41',NULL),
(890,437,388,1,'2022-05-02 07:04:41','2022-05-02 07:04:41',NULL),
(891,437,461,2,'2022-05-02 07:04:41','2022-05-02 07:04:41',NULL),
(892,437,462,3,'2022-05-02 07:04:41','2022-05-02 07:04:41',NULL),
(893,438,463,1,'2022-05-02 07:04:41','2022-05-02 07:04:41',NULL),
(894,438,464,2,'2022-05-02 07:04:41','2022-05-02 07:04:41',NULL),
(895,438,417,3,'2022-05-02 07:04:41','2022-05-02 07:04:41',NULL),
(896,439,419,1,'2022-05-02 07:04:41','2022-05-02 07:04:41',NULL),
(897,439,420,2,'2022-05-02 07:04:41','2022-05-02 07:04:41',NULL),
(898,440,388,1,'2022-05-02 07:04:41','2022-05-02 07:04:41',NULL),
(899,440,382,2,'2022-05-02 07:04:41','2022-05-02 07:04:41',NULL),
(900,440,400,3,'2022-05-02 07:04:41','2022-05-02 07:04:41',NULL),
(901,441,388,1,'2022-05-02 07:04:41','2022-05-02 07:04:41',NULL),
(902,441,420,2,'2022-05-02 07:04:41','2022-05-02 07:04:41',NULL),
(903,441,382,3,'2022-05-02 07:04:41','2022-05-02 07:04:41',NULL),
(904,442,465,1,'2022-05-02 07:04:41','2022-05-02 07:04:41',NULL),
(905,443,441,1,'2022-05-02 07:04:41','2022-05-02 07:04:41',NULL),
(906,443,466,2,'2022-05-02 07:04:41','2022-05-02 07:04:41',NULL),
(907,443,467,3,'2022-05-02 07:04:41','2022-05-02 07:04:41',NULL),
(908,444,382,1,'2022-05-02 07:04:41','2022-05-02 07:04:41',NULL),
(909,445,468,1,'2022-05-02 07:04:41','2022-05-02 07:04:41',NULL),
(910,445,469,2,'2022-05-02 07:04:41','2022-05-02 07:04:41',NULL),
(911,445,470,3,'2022-05-02 07:04:41','2022-05-02 07:04:41',NULL),
(912,446,420,1,'2022-05-02 07:04:41','2022-05-02 07:04:41',NULL),
(913,447,419,1,'2022-05-02 07:04:41','2022-05-02 07:04:41',NULL),
(914,448,471,1,'2022-05-02 07:04:41','2022-05-02 07:04:41',NULL),
(915,449,419,1,'2022-05-02 07:04:41','2022-05-02 07:04:41',NULL),
(916,450,472,1,'2022-05-02 07:04:41','2022-05-02 07:04:41',NULL),
(917,450,473,2,'2022-05-02 07:04:41','2022-05-02 07:04:41',NULL),
(918,450,474,3,'2022-05-02 07:04:41','2022-05-02 07:04:41',NULL),
(919,450,475,4,'2022-05-02 07:04:41','2022-05-02 07:04:41',NULL),
(920,450,476,5,'2022-05-02 07:04:41','2022-05-02 07:04:41',NULL),
(921,451,382,1,'2022-05-02 07:04:41','2022-05-02 07:04:41',NULL),
(922,451,420,2,'2022-05-02 07:04:41','2022-05-02 07:04:41',NULL),
(923,451,477,3,'2022-05-02 07:04:41','2022-05-02 07:04:41',NULL),
(924,452,440,1,'2022-05-02 07:04:41','2022-05-02 07:04:41',NULL),
(925,453,478,1,'2022-05-02 07:04:41','2022-05-02 07:04:41',NULL),
(926,453,479,2,'2022-05-02 07:04:41','2022-05-02 07:04:41',NULL),
(927,454,480,1,'2022-05-02 07:04:41','2022-05-02 07:04:41',NULL),
(928,454,481,2,'2022-05-02 07:04:41','2022-05-02 07:04:41',NULL),
(929,454,482,3,'2022-05-02 07:04:41','2022-05-02 07:04:41',NULL),
(930,454,483,4,'2022-05-02 07:04:41','2022-05-02 07:04:41',NULL),
(931,454,484,5,'2022-05-02 07:04:41','2022-05-02 07:04:41',NULL),
(932,455,485,1,'2022-05-02 07:04:41','2022-05-02 07:04:41',NULL),
(933,455,382,2,'2022-05-02 07:04:41','2022-05-02 07:04:41',NULL),
(934,455,400,3,'2022-05-02 07:04:41','2022-05-02 07:04:41',NULL),
(935,456,486,1,'2022-05-02 07:04:41','2022-05-02 07:04:41',NULL),
(936,456,400,2,'2022-05-02 07:04:41','2022-05-02 07:04:41',NULL),
(937,457,392,1,'2022-05-02 07:04:41','2022-05-02 07:04:41',NULL),
(938,457,384,2,'2022-05-02 07:04:41','2022-05-02 07:04:41',NULL),
(939,457,420,3,'2022-05-02 07:04:41','2022-05-02 07:04:41',NULL),
(940,458,487,1,'2022-05-02 07:04:41','2022-05-02 07:04:41',NULL),
(941,458,488,2,'2022-05-02 07:04:41','2022-05-02 07:04:41',NULL),
(942,458,489,3,'2022-05-02 07:04:41','2022-05-02 07:04:41',NULL),
(943,459,400,1,'2022-05-02 07:04:41','2022-05-02 07:04:41',NULL),
(944,459,388,2,'2022-05-02 07:04:41','2022-05-02 07:04:41',NULL),
(945,459,382,3,'2022-05-02 07:04:41','2022-05-02 07:04:41',NULL),
(946,460,471,1,'2022-05-02 07:04:41','2022-05-02 07:04:41',NULL),
(947,460,490,2,'2022-05-02 07:04:41','2022-05-02 07:04:41',NULL),
(948,461,400,1,'2022-05-02 07:04:41','2022-05-02 07:04:41',NULL),
(949,461,388,2,'2022-05-02 07:04:41','2022-05-02 07:04:41',NULL),
(950,461,382,3,'2022-05-02 07:04:41','2022-05-02 07:04:41',NULL),
(951,462,491,1,'2022-05-02 07:04:41','2022-05-02 07:04:41',NULL),
(952,462,388,2,'2022-05-02 07:04:41','2022-05-02 07:04:41',NULL),
(953,463,492,1,'2022-05-02 07:04:41','2022-05-02 07:04:41',NULL),
(954,463,400,2,'2022-05-02 07:04:41','2022-05-02 07:04:41',NULL),
(955,463,382,3,'2022-05-02 07:04:41','2022-05-02 07:04:41',NULL),
(956,464,493,1,'2022-05-02 07:04:41','2022-05-02 07:04:41',NULL),
(957,464,494,2,'2022-05-02 07:04:41','2022-05-02 07:04:41',NULL),
(958,465,440,1,'2022-05-02 07:04:41','2022-05-02 07:04:41',NULL),
(959,466,495,1,'2022-05-02 07:04:41','2022-05-02 07:04:41',NULL),
(960,466,388,2,'2022-05-02 07:04:41','2022-05-02 07:04:41',NULL),
(961,466,382,3,'2022-05-02 07:04:41','2022-05-02 07:04:41',NULL),
(962,467,398,1,'2022-05-02 07:04:41','2022-05-02 07:04:41',NULL),
(963,468,402,1,'2022-05-02 07:04:41','2022-05-02 07:04:41',NULL),
(964,468,390,2,'2022-05-02 07:04:41','2022-05-02 07:04:41',NULL),
(965,469,496,1,'2022-05-02 07:04:41','2022-05-02 07:04:41',NULL),
(966,470,382,1,'2022-05-02 07:04:41','2022-05-02 07:04:41',NULL),
(967,470,390,2,'2022-05-02 07:04:41','2022-05-02 07:04:41',NULL),
(968,471,497,1,'2022-05-02 07:04:41','2022-05-02 07:04:41',NULL),
(969,471,388,2,'2022-05-02 07:04:41','2022-05-02 07:04:41',NULL),
(970,471,400,3,'2022-05-02 07:04:41','2022-05-02 07:04:41',NULL),
(971,472,418,1,'2022-05-02 07:04:41','2022-05-02 07:04:41',NULL),
(972,473,420,1,'2022-05-02 07:04:41','2022-05-02 07:04:41',NULL),
(973,474,389,1,'2022-05-02 07:04:41','2022-05-02 07:04:41',NULL),
(974,475,441,1,'2022-05-02 07:04:41','2022-05-02 07:04:41',NULL),
(975,475,393,2,'2022-05-02 07:04:41','2022-05-02 07:04:41',NULL),
(976,475,390,3,'2022-05-02 07:04:41','2022-05-02 07:04:41',NULL),
(977,476,498,1,'2022-05-02 07:04:41','2022-05-02 07:04:41',NULL),
(978,476,499,2,'2022-05-02 07:04:41','2022-05-02 07:04:41',NULL),
(979,476,500,3,'2022-05-02 07:04:41','2022-05-02 07:04:41',NULL),
(980,477,402,1,'2022-05-02 07:04:41','2022-05-02 07:04:41',NULL),
(981,478,501,1,'2022-05-02 07:04:41','2022-05-02 07:04:41',NULL),
(982,478,416,2,'2022-05-02 07:04:41','2022-05-02 07:04:41',NULL),
(983,478,384,3,'2022-05-02 07:04:41','2022-05-02 07:04:41',NULL),
(984,479,502,1,'2022-05-02 07:04:41','2022-05-02 07:04:41',NULL),
(985,479,400,2,'2022-05-02 07:04:41','2022-05-02 07:04:41',NULL),
(986,479,503,3,'2022-05-02 07:04:41','2022-05-02 07:04:41',NULL),
(987,480,504,1,'2022-05-02 07:04:41','2022-05-02 07:04:41',NULL),
(988,480,505,2,'2022-05-02 07:04:41','2022-05-02 07:04:41',NULL),
(989,480,506,3,'2022-05-02 07:04:41','2022-05-02 07:04:41',NULL),
(990,481,507,1,'2022-05-02 07:04:41','2022-05-02 07:04:41',NULL),
(991,482,382,1,'2022-05-02 07:04:41','2022-05-02 07:04:41',NULL),
(992,482,420,2,'2022-05-02 07:04:41','2022-05-02 07:04:41',NULL),
(993,483,382,1,'2022-05-02 07:04:41','2022-05-02 07:04:41',NULL),
(994,484,418,1,'2022-05-02 07:04:41','2022-05-02 07:04:41',NULL),
(995,485,382,1,'2022-05-02 07:04:41','2022-05-02 07:04:41',NULL),
(996,485,416,2,'2022-05-02 07:04:41','2022-05-02 07:04:41',NULL),
(997,486,388,1,'2022-05-02 07:04:41','2022-05-02 07:04:41',NULL),
(998,486,382,2,'2022-05-02 07:04:41','2022-05-02 07:04:41',NULL),
(999,486,400,3,'2022-05-02 07:04:41','2022-05-02 07:04:41',NULL),
(1000,487,382,1,'2022-05-02 07:04:41','2022-05-02 07:04:41',NULL),
(1001,488,420,1,'2022-05-02 07:04:41','2022-05-02 07:04:41',NULL),
(1002,489,508,1,'2022-05-02 07:04:41','2022-05-02 07:04:41',NULL),
(1003,489,509,2,'2022-05-02 07:04:41','2022-05-02 07:04:41',NULL),
(1004,489,417,3,'2022-05-02 07:04:41','2022-05-02 07:04:41',NULL),
(1005,490,441,1,'2022-05-02 07:04:41','2022-05-02 07:04:41',NULL),
(1006,491,402,1,'2022-05-02 07:04:41','2022-05-02 07:04:41',NULL),
(1007,491,390,2,'2022-05-02 07:04:41','2022-05-02 07:04:41',NULL),
(1008,492,510,1,'2022-05-02 07:04:41','2022-05-02 07:04:41',NULL),
(1009,492,382,2,'2022-05-02 07:04:41','2022-05-02 07:04:41',NULL),
(1010,492,511,3,'2022-05-02 07:04:41','2022-05-02 07:04:41',NULL),
(1011,493,382,1,'2022-05-02 07:04:41','2022-05-02 07:04:41',NULL),
(1012,493,400,2,'2022-05-02 07:04:41','2022-05-02 07:04:41',NULL),
(1013,493,388,3,'2022-05-02 07:04:41','2022-05-02 07:04:41',NULL),
(1014,494,384,1,'2022-05-02 07:04:41','2022-05-02 07:04:41',NULL),
(1015,495,440,1,'2022-05-02 07:04:41','2022-05-02 07:04:41',NULL),
(1016,496,400,1,'2022-05-02 07:04:41','2022-05-02 07:04:41',NULL),
(1017,496,512,2,'2022-05-02 07:04:41','2022-05-02 07:04:41',NULL),
(1018,496,513,3,'2022-05-02 07:04:41','2022-05-02 07:04:41',NULL),
(1019,497,382,1,'2022-05-02 07:04:41','2022-05-02 07:04:41',NULL),
(1020,497,417,2,'2022-05-02 07:04:41','2022-05-02 07:04:41',NULL),
(1021,497,388,3,'2022-05-02 07:04:41','2022-05-02 07:04:41',NULL),
(1022,498,514,1,'2022-05-02 07:04:41','2022-05-02 07:04:41',NULL),
(1023,498,515,2,'2022-05-02 07:04:41','2022-05-02 07:04:41',NULL),
(1024,498,400,3,'2022-05-02 07:04:41','2022-05-02 07:04:41',NULL),
(1025,499,382,1,'2022-05-02 07:04:41','2022-05-02 07:04:41',NULL),
(1026,500,516,1,'2022-05-02 07:04:41','2022-05-02 07:04:41',NULL),
(1027,500,517,2,'2022-05-02 07:04:41','2022-05-02 07:04:41',NULL),
(1028,500,518,3,'2022-05-02 07:04:41','2022-05-02 07:04:41',NULL),
(1029,500,519,4,'2022-05-02 07:04:41','2022-05-02 07:04:41',NULL),
(1030,501,382,1,'2022-05-02 07:04:41','2022-05-02 07:04:41',NULL),
(1031,502,402,1,'2022-05-02 07:04:41','2022-05-02 07:04:41',NULL),
(1032,502,416,2,'2022-05-02 07:04:41','2022-05-02 07:04:41',NULL),
(1033,503,520,1,'2022-05-02 07:04:41','2022-05-02 07:04:41',NULL),
(1034,503,521,2,'2022-05-02 07:04:41','2022-05-02 07:04:41',NULL),
(1035,503,522,3,'2022-05-02 07:04:41','2022-05-02 07:04:41',NULL),
(1036,503,523,4,'2022-05-02 07:04:41','2022-05-02 07:04:41',NULL),
(1037,503,524,5,'2022-05-02 07:04:41','2022-05-02 07:04:41',NULL),
(1038,504,440,1,'2022-05-02 07:04:41','2022-05-02 07:04:41',NULL),
(1039,505,525,1,'2022-05-02 07:04:41','2022-05-02 07:04:41',NULL),
(1040,505,526,2,'2022-05-02 07:04:41','2022-05-02 07:04:41',NULL),
(1041,506,527,1,'2022-05-02 07:04:41','2022-05-02 07:04:41',NULL),
(1042,506,382,2,'2022-05-02 07:04:41','2022-05-02 07:04:41',NULL),
(1043,507,419,1,'2022-05-02 07:04:41','2022-05-02 07:04:41',NULL),
(1044,507,528,2,'2022-05-02 07:04:41','2022-05-02 07:04:41',NULL),
(1045,507,529,3,'2022-05-02 07:04:41','2022-05-02 07:04:41',NULL),
(1046,508,382,1,'2022-05-02 07:04:41','2022-05-02 07:04:41',NULL),
(1047,508,464,2,'2022-05-02 07:04:41','2022-05-02 07:04:41',NULL),
(1048,509,384,1,'2022-05-02 07:04:41','2022-05-02 07:04:41',NULL),
(1049,510,530,1,'2022-05-02 07:04:41','2022-05-02 07:04:41',NULL),
(1050,510,531,2,'2022-05-02 07:04:41','2022-05-02 07:04:41',NULL),
(1051,510,532,3,'2022-05-02 07:04:41','2022-05-02 07:04:41',NULL),
(1052,510,533,4,'2022-05-02 07:04:41','2022-05-02 07:04:41',NULL),
(1053,511,382,1,'2022-05-02 07:04:41','2022-05-02 07:04:41',NULL),
(1054,511,534,2,'2022-05-02 07:04:41','2022-05-02 07:04:41',NULL),
(1055,512,535,1,'2022-05-02 07:04:41','2022-05-02 07:04:41',NULL),
(1056,512,400,2,'2022-05-02 07:04:41','2022-05-02 07:04:41',NULL),
(1057,513,536,1,'2022-05-02 07:04:41','2022-05-02 07:04:41',NULL),
(1058,513,537,2,'2022-05-02 07:04:41','2022-05-02 07:04:41',NULL),
(1059,513,538,3,'2022-05-02 07:04:41','2022-05-02 07:04:41',NULL),
(1060,513,539,4,'2022-05-02 07:04:41','2022-05-02 07:04:41',NULL),
(1061,514,441,1,'2022-05-02 07:04:41','2022-05-02 07:04:41',NULL),
(1062,514,384,2,'2022-05-02 07:04:41','2022-05-02 07:04:41',NULL),
(1063,514,540,3,'2022-05-02 07:04:41','2022-05-02 07:04:41',NULL),
(1064,515,398,1,'2022-05-02 07:04:41','2022-05-02 07:04:41',NULL),
(1065,516,389,1,'2022-05-02 07:04:41','2022-05-02 07:04:41',NULL),
(1066,516,541,2,'2022-05-02 07:04:41','2022-05-02 07:04:41',NULL),
(1067,516,390,3,'2022-05-02 07:04:41','2022-05-02 07:04:41',NULL),
(1068,517,382,1,'2022-05-02 07:04:41','2022-05-02 07:04:41',NULL),
(1069,517,400,2,'2022-05-02 07:04:41','2022-05-02 07:04:41',NULL),
(1070,517,388,3,'2022-05-02 07:04:41','2022-05-02 07:04:41',NULL),
(1071,518,441,1,'2022-05-02 07:04:41','2022-05-02 07:04:41',NULL),
(1072,518,541,2,'2022-05-02 07:04:41','2022-05-02 07:04:41',NULL),
(1073,518,542,3,'2022-05-02 07:04:41','2022-05-02 07:04:41',NULL),
(1074,519,541,1,'2022-05-02 07:04:41','2022-05-02 07:04:41',NULL),
(1075,520,420,1,'2022-05-02 07:04:41','2022-05-02 07:04:41',NULL),
(1076,521,471,1,'2022-05-02 07:04:41','2022-05-02 07:04:41',NULL),
(1077,522,382,1,'2022-05-02 07:04:41','2022-05-02 07:04:41',NULL),
(1078,523,541,1,'2022-05-02 07:04:41','2022-05-02 07:04:41',NULL),
(1079,524,420,1,'2022-05-02 07:04:41','2022-05-02 07:04:41',NULL),
(1080,525,382,1,'2022-05-02 07:04:41','2022-05-02 07:04:41',NULL),
(1081,526,382,1,'2022-05-02 07:04:41','2022-05-02 07:04:41',NULL),
(1082,527,543,1,'2022-05-02 07:04:41','2022-05-02 07:04:41',NULL),
(1083,527,544,2,'2022-05-02 07:04:41','2022-05-02 07:04:41',NULL),
(1084,528,441,1,'2022-05-02 07:04:41','2022-05-02 07:04:41',NULL),
(1085,528,383,2,'2022-05-02 07:04:41','2022-05-02 07:04:41',NULL),
(1086,528,545,3,'2022-05-02 07:04:41','2022-05-02 07:04:41',NULL),
(1087,529,440,1,'2022-05-02 07:04:41','2022-05-02 07:04:41',NULL),
(1088,530,382,1,'2022-05-02 07:04:41','2022-05-02 07:04:41',NULL),
(1089,531,441,1,'2022-05-02 07:04:41','2022-05-02 07:04:41',NULL),
(1090,531,416,2,'2022-05-02 07:04:41','2022-05-02 07:04:41',NULL),
(1091,531,384,3,'2022-05-02 07:04:41','2022-05-02 07:04:41',NULL),
(1092,532,441,1,'2022-05-02 07:04:41','2022-05-02 07:04:41',NULL),
(1093,532,546,2,'2022-05-02 07:04:41','2022-05-02 07:04:41',NULL),
(1094,532,390,3,'2022-05-02 07:04:41','2022-05-02 07:04:41',NULL),
(1095,533,402,1,'2022-05-02 07:04:41','2022-05-02 07:04:41',NULL),
(1096,533,383,2,'2022-05-02 07:04:41','2022-05-02 07:04:41',NULL),
(1097,533,390,3,'2022-05-02 07:04:41','2022-05-02 07:04:41',NULL),
(1098,534,547,1,'2022-05-02 07:04:41','2022-05-02 07:04:41',NULL),
(1099,534,548,2,'2022-05-02 07:04:41','2022-05-02 07:04:41',NULL),
(1100,534,549,3,'2022-05-02 07:04:41','2022-05-02 07:04:41',NULL),
(1101,535,550,1,'2022-05-02 07:04:41','2022-05-02 07:04:41',NULL),
(1102,536,551,1,'2022-05-02 07:04:41','2022-05-02 07:04:41',NULL),
(1103,536,400,2,'2022-05-02 07:04:41','2022-05-02 07:04:41',NULL),
(1104,536,388,3,'2022-05-02 07:04:41','2022-05-02 07:04:41',NULL),
(1105,537,384,1,'2022-05-02 07:04:41','2022-05-02 07:04:41',NULL),
(1106,537,390,2,'2022-05-02 07:04:41','2022-05-02 07:04:41',NULL),
(1107,538,452,1,'2022-05-02 07:04:41','2022-05-02 07:04:41',NULL),
(1108,538,552,2,'2022-05-02 07:04:41','2022-05-02 07:04:41',NULL),
(1109,539,553,1,'2022-05-02 07:04:41','2022-05-02 07:04:41',NULL),
(1110,540,554,1,'2022-05-02 07:04:41','2022-05-02 07:04:41',NULL),
(1111,540,555,2,'2022-05-02 07:04:41','2022-05-02 07:04:41',NULL),
(1112,541,382,1,'2022-05-02 07:04:41','2022-05-02 07:04:41',NULL),
(1113,542,392,1,'2022-05-02 07:04:41','2022-05-02 07:04:41',NULL),
(1114,542,556,2,'2022-05-02 07:04:41','2022-05-02 07:04:41',NULL),
(1115,542,384,3,'2022-05-02 07:04:41','2022-05-02 07:04:41',NULL),
(1116,543,382,1,'2022-05-02 07:04:41','2022-05-02 07:04:41',NULL),
(1117,543,400,2,'2022-05-02 07:04:41','2022-05-02 07:04:41',NULL),
(1118,543,388,3,'2022-05-02 07:04:41','2022-05-02 07:04:41',NULL),
(1119,543,557,4,'2022-05-02 07:04:41','2022-05-02 07:04:41',NULL),
(1120,543,558,5,'2022-05-02 07:04:41','2022-05-02 07:04:41',NULL),
(1121,544,559,1,'2022-05-02 07:04:41','2022-05-02 07:04:41',NULL),
(1122,545,390,1,'2022-05-02 07:04:41','2022-05-02 07:04:41',NULL),
(1123,546,560,1,'2022-05-02 07:04:41','2022-05-02 07:04:41',NULL),
(1124,546,400,2,'2022-05-02 07:04:41','2022-05-02 07:04:41',NULL),
(1125,547,561,1,'2022-05-02 07:04:41','2022-05-02 07:04:41',NULL),
(1126,547,388,2,'2022-05-02 07:04:41','2022-05-02 07:04:41',NULL),
(1127,547,400,3,'2022-05-02 07:04:41','2022-05-02 07:04:41',NULL),
(1128,548,382,1,'2022-05-02 07:04:41','2022-05-02 07:04:41',NULL),
(1129,548,417,2,'2022-05-02 07:04:41','2022-05-02 07:04:41',NULL),
(1130,548,400,3,'2022-05-02 07:04:41','2022-05-02 07:04:41',NULL),
(1131,549,382,1,'2022-05-02 07:04:41','2022-05-02 07:04:41',NULL),
(1132,550,382,1,'2022-05-02 07:04:42','2022-05-02 07:04:42',NULL),
(1133,551,382,1,'2022-05-02 07:04:42','2022-05-02 07:04:42',NULL),
(1134,552,382,1,'2022-05-02 07:04:42','2022-05-02 07:04:42',NULL),
(1135,552,562,2,'2022-05-02 07:04:42','2022-05-02 07:04:42',NULL),
(1136,553,389,1,'2022-05-02 07:04:42','2022-05-02 07:04:42',NULL),
(1137,553,563,2,'2022-05-02 07:04:42','2022-05-02 07:04:42',NULL),
(1138,553,564,3,'2022-05-02 07:04:42','2022-05-02 07:04:42',NULL),
(1139,554,565,1,'2022-05-02 07:04:42','2022-05-02 07:04:42',NULL),
(1140,554,400,2,'2022-05-02 07:04:42','2022-05-02 07:04:42',NULL),
(1141,554,566,3,'2022-05-02 07:04:42','2022-05-02 07:04:42',NULL),
(1142,555,382,1,'2022-05-02 07:04:42','2022-05-02 07:04:42',NULL),
(1143,556,382,1,'2022-05-02 07:04:42','2022-05-02 07:04:42',NULL),
(1144,557,567,1,'2022-05-02 07:04:42','2022-05-02 07:04:42',NULL),
(1145,557,568,2,'2022-05-02 07:04:42','2022-05-02 07:04:42',NULL),
(1146,557,569,3,'2022-05-02 07:04:42','2022-05-02 07:04:42',NULL),
(1147,558,570,1,'2022-05-02 07:04:42','2022-05-02 07:04:42',NULL),
(1148,558,571,2,'2022-05-02 07:04:42','2022-05-02 07:04:42',NULL),
(1149,558,572,3,'2022-05-02 07:04:42','2022-05-02 07:04:42',NULL),
(1150,559,388,1,'2022-05-02 07:04:42','2022-05-02 07:04:42',NULL),
(1151,559,400,2,'2022-05-02 07:04:42','2022-05-02 07:04:42',NULL),
(1152,559,417,3,'2022-05-02 07:04:42','2022-05-02 07:04:42',NULL),
(1153,560,416,1,'2022-05-02 07:04:42','2022-05-02 07:04:42',NULL),
(1154,560,423,2,'2022-05-02 07:04:42','2022-05-02 07:04:42',NULL),
(1155,560,398,3,'2022-05-02 07:04:42','2022-05-02 07:04:42',NULL),
(1156,561,420,1,'2022-05-02 07:04:42','2022-05-02 07:04:42',NULL),
(1157,561,400,2,'2022-05-02 07:04:42','2022-05-02 07:04:42',NULL),
(1158,561,382,3,'2022-05-02 07:04:42','2022-05-02 07:04:42',NULL),
(1159,562,573,1,'2022-05-02 07:04:42','2022-05-02 07:04:42',NULL),
(1160,562,388,2,'2022-05-02 07:04:42','2022-05-02 07:04:42',NULL),
(1161,562,382,3,'2022-05-02 07:04:42','2022-05-02 07:04:42',NULL),
(1162,563,382,1,'2022-05-02 07:04:42','2022-05-02 07:04:42',NULL),
(1163,564,382,1,'2022-05-02 07:04:42','2022-05-02 07:04:42',NULL),
(1164,565,574,1,'2022-05-02 07:04:42','2022-05-02 07:04:42',NULL),
(1165,565,575,2,'2022-05-02 07:04:42','2022-05-02 07:04:42',NULL),
(1166,566,576,1,'2022-05-02 07:04:42','2022-05-02 07:04:42',NULL),
(1167,566,577,2,'2022-05-02 07:04:42','2022-05-02 07:04:42',NULL),
(1168,566,417,3,'2022-05-02 07:04:42','2022-05-02 07:04:42',NULL),
(1169,567,389,1,'2022-05-02 07:04:42','2022-05-02 07:04:42',NULL),
(1170,567,390,2,'2022-05-02 07:04:42','2022-05-02 07:04:42',NULL),
(1171,568,578,1,'2022-05-02 07:04:42','2022-05-02 07:04:42',NULL),
(1172,568,579,2,'2022-05-02 07:04:42','2022-05-02 07:04:42',NULL),
(1173,569,382,1,'2022-05-02 07:04:42','2022-05-02 07:04:42',NULL),
(1174,569,416,2,'2022-05-02 07:04:42','2022-05-02 07:04:42',NULL);

/*Table structure for table `country_details` */

DROP TABLE IF EXISTS `country_details`;

CREATE TABLE `country_details` (
  `id` bigint(20) unsigned NOT NULL AUTO_INCREMENT,
  `country_id` bigint(20) unsigned NOT NULL,
  `death` bigint(20) DEFAULT NULL,
  `csr_local_examples` text COLLATE utf8mb4_unicode_ci,
  `csr_policy` text COLLATE utf8mb4_unicode_ci,
  `acknowledgement` text COLLATE utf8mb4_unicode_ci,
  `deleted_at` timestamp NULL DEFAULT NULL,
  `created_at` timestamp NULL DEFAULT NULL,
  `updated_at` timestamp NULL DEFAULT NULL,
  PRIMARY KEY (`id`),
  KEY `country_details_country_id_foreign` (`country_id`),
  CONSTRAINT `country_details_country_id_foreign` FOREIGN KEY (`country_id`) REFERENCES `countries` (`id`) ON DELETE CASCADE
) ENGINE=InnoDB AUTO_INCREMENT=570 DEFAULT CHARSET=utf8mb4 COLLATE=utf8mb4_unicode_ci;

/*Data for the table `country_details` */

insert  into `country_details`(`id`,`country_id`,`death`,`csr_local_examples`,`csr_policy`,`acknowledgement`,`deleted_at`,`created_at`,`updated_at`) values 
(375,375,15799,'In Afghanistan, government regulation and monitoring will be important to understand how so-called CSR of the tobacco industry aggravates the harms caused.','Afghanistan does not have a comprehensive Ban on tobacco sponsorships and so-called CSR.',NULL,NULL,'2022-05-02 07:04:40','2022-05-02 07:04:40'),
(376,376,4969,'In Albania, government regulation and monitoring will be important to understand how so-called CSR of the tobacco industry aggravates the harms caused.',NULL,NULL,NULL,'2022-05-02 07:04:40','2022-05-02 07:04:40'),
(377,377,27904,'In Algeria, government regulation and monitoring will be important to understand how so-called CSR of the tobacco industry aggravates the harms caused.','Algeria has a comprehensive ban on tobacco sponsorships including so-called CSR but more can be done to hold the tobacco industry to account for environment harms.','African Tobacco Control Alliance (ATCA)',NULL,'2022-05-02 07:04:40','2022-05-02 07:04:40'),
(378,378,111,'In Andorra, government regulation and monitoring will be important to understand how so-called CSR of the tobacco industry aggravates the harms caused.','Andorra does not have a comprehensive Ban on tobacco sponsorships and so-called CSR.',NULL,NULL,'2022-05-02 07:04:40','2022-05-02 07:04:40'),
(379,379,8992,'In Angola, government regulation and monitoring will be important to understand how so-called CSR of the tobacco industry aggravates the harms caused.','Angola does not have a comprehensive Ban on tobacco sponsorships and so-called CSR.','African Tobacco Control Alliance (ATCA)',NULL,'2022-05-02 07:04:40','2022-05-02 07:04:40'),
(380,380,44,'In Antigua and Barbuda, government regulation and monitoring will be important to understand how so-called CSR of the tobacco industry aggravates the harms caused.','Antigua and Barbuda has a comprehensive ban on tobacco sponsorships including so-called CSR but more can be done to hold the tobacco industry to account for environment harms.',NULL,NULL,'2022-05-02 07:04:40','2022-05-02 07:04:40'),
(381,381,57525,'In Argentina, where tobacco-related environmental harms are severe, the tobacco companies freely conduct so-called  directly or through third parties.','Argentina  has a ban on tobacco sponsorships including so-called CSR but this is limited to those that promote tobacco brands, creating a loophole that the tobacco companies exploit',NULL,NULL,'2022-05-02 07:04:40','2022-05-02 07:04:40'),
(382,382,5644,'In Armenia, government regulation and monitoring will be important to understand how so-called CSR of the tobacco industry aggravates the harms caused.',NULL,NULL,NULL,'2022-05-02 07:04:40','2022-05-02 07:04:40'),
(383,383,20147,'In Australia, government regulation and monitoring will be important to understand how so-called CSR of the tobacco industry aggravates the harms caused.','Australia does not have a comprehensive Ban on tobacco sponsorships and so-called CSR.',NULL,NULL,'2022-05-02 07:04:40','2022-05-02 07:04:40'),
(384,384,13073,'In Austria, government regulation and monitoring will be important to understand how so-called CSR of the tobacco industry aggravates the harms caused.',NULL,NULL,NULL,'2022-05-02 07:04:40','2022-05-02 07:04:40'),
(385,385,15043,'In Azerbaijan, government regulation and monitoring will be important to understand how so-called CSR of the tobacco industry aggravates the harms caused.',NULL,NULL,NULL,'2022-05-02 07:04:40','2022-05-02 07:04:40'),
(386,386,184,'In Bahamas, government regulation and monitoring will be important to understand how so-called CSR of the tobacco industry aggravates the harms caused.','Bahamas does not have a comprehensive Ban on tobacco sponsorships and so-called CSR.',NULL,NULL,'2022-05-02 07:04:40','2022-05-02 07:04:40'),
(387,387,663,'In Bahrain, government regulation and monitoring will be important to understand how so-called CSR of the tobacco industry aggravates the harms caused.',NULL,NULL,NULL,'2022-05-02 07:04:40','2022-05-02 07:04:40'),
(388,388,129054,'In Bangladesh, where tobacco farming has resulted in declining land quality and food insecurity, tobacco companies even engage with national and local officials to endorse their ”deforestation projects”.','Bangladesh has yet to adopt a comprehensive ban on tobacco sponsorships. Additionally, increasing tobacco taxes could be a means to hold the tobacco industry accountable for the environmental harms.','Center for Research and Advocacy to Fight Tobacco',NULL,'2022-05-02 07:04:40','2022-05-02 07:04:40'),
(389,389,183,'In Barbados, government regulation and monitoring will be important to understand how so-called CSR of the tobacco industry aggravates the harms caused.','Barbados does not have a comprehensive Ban on tobacco sponsorships and so-called CSR.',NULL,NULL,'2022-05-02 07:04:40','2022-05-02 07:04:40'),
(390,390,22377,'In Belarus, government regulation and monitoring will be important to understand how so-called CSR of the tobacco industry aggravates the harms caused.','Belarus does not have a comprehensive Ban on tobacco sponsorships and so-called CSR.',NULL,NULL,'2022-05-02 07:04:40','2022-05-02 07:04:40'),
(391,391,20445,'In Belgium, government regulation and monitoring will be important to understand how so-called CSR of the tobacco industry aggravates the harms caused.',NULL,NULL,NULL,'2022-05-02 07:04:40','2022-05-02 07:04:40'),
(392,392,162,'In Belize, government regulation and monitoring will be important to understand how so-called CSR of the tobacco industry aggravates the harms caused.','Belize does not have a comprehensive Ban on tobacco sponsorships and so-called CSR.',NULL,NULL,'2022-05-02 07:04:40','2022-05-02 07:04:40'),
(393,393,2567,'In Benin, government regulation and monitoring will be important to understand how so-called CSR of the tobacco industry aggravates the harms caused.',NULL,'African Tobacco Control Alliance (ATCA)',NULL,'2022-05-02 07:04:40','2022-05-02 07:04:40'),
(394,394,405,'In Bhutan, government regulation and monitoring will be important to understand how so-called CSR of the tobacco industry aggravates the harms caused.','Bhutan does not have a comprehensive ban on tobacco sponsorships and so-called CSR.',NULL,NULL,'2022-05-02 07:04:40','2022-05-02 07:04:40'),
(395,395,4056,'In Bolivia, the largest tobacco company conducts so-called socially responsible activities with the families of tobacco producers under the guise of \"sustainable employment.”','Bolivia has a  ban on tobacco sponsorships including so-called CSR but more can be done to strengthen its implementation .',NULL,NULL,'2022-05-02 07:04:40','2022-05-02 07:04:40'),
(396,396,9537,'In Bosnia and Herzegovina, government regulation and monitoring will be important to understand how so-called CSR of the tobacco industry aggravates the harms caused.','Bosnia and Herzegovin does not have a comprehensive Ban on tobacco sponsorships and so-called CSR.',NULL,NULL,'2022-05-02 07:04:41','2022-05-02 07:04:41'),
(397,397,1952,'In Botswana, tobacco companies had various partnerships with government agencies including on  food research. ','Botswana does not have a ban on tobacco sponsorships including so-called CSR.','African Tobacco Control Alliance (ATCA)',NULL,'2022-05-02 07:04:41','2022-05-02 07:04:41'),
(398,398,161853,'In Brazil, tobacco companies partner with local governments in undertaking so-called CSR in tobacco producing regions where environmental harms are greatest, also  including activties seeking to raise environmental awareness through games and recreation for children.','Brazil does not have a  ban on tobacco sponsorships and so-called CSR but prohibits their publicity.','ACT Health Promotion',NULL,'2022-05-02 07:04:41','2022-05-02 07:04:41'),
(399,399,294,'Brunei’s comprehensive advertising ban includes all forms of so-called CSR but more can be done.','Brunei does not have a  ban on tobacco sponsorships and so-called CSR but prohibits their publicity.',NULL,NULL,'2022-05-02 07:04:41','2022-05-02 07:04:41'),
(400,400,22749,'In Bulgaria, government regulation and monitoring will be important to understand how so-called CSR of the tobacco industry aggravates the harms caused.','Bulgaria does not have a comprehensive Ban on tobacco sponsorships and so-called CSR.',NULL,NULL,'2022-05-02 07:04:41','2022-05-02 07:04:41'),
(401,401,4622,'In Burkina Faso, the tobacco industry publicizes its token donations to the communities, including schools.','Burkina Faso has a comprehensive ban on tobacco sponsorships including so-called CSR but more can be done to hold the tobacco industry to account for environment harms.','African Tobacco Control Alliance (ATCA)',NULL,'2022-05-02 07:04:41','2022-05-02 07:04:41'),
(402,402,3154,'In Burundi, government regulation and monitoring will be important to understand how so-called CSR of the tobacco industry aggravates the harms caused.',NULL,'African Tobacco Control Alliance (ATCA)',NULL,'2022-05-02 07:04:41','2022-05-02 07:04:41'),
(403,403,200,'In Cabo Verde, government regulation and monitoring will be important to understand how so-called CSR of the tobacco industry aggravates the harms caused.','Cabo Verde does not have a comprehensive Ban on tobacco sponsorships and so-called CSR.','African Tobacco Control Alliance (ATCA)',NULL,'2022-05-02 07:04:41','2022-05-02 07:04:41'),
(404,404,19377,'In Cambodia, tobacco companies collaborated with local officials on so-called CSR in the environment sector such as planting trees.','Cambodia does not have a comprehensive ban on tobacco sponsorshipsbut bars the tobacco companies/ industry from publicizing their activities .',NULL,NULL,'2022-05-02 07:04:41','2022-05-02 07:04:41'),
(405,405,6710,'In Cameroon, government regulation and monitoring will be important to understand how so-called CSR of the tobacco industry aggravates the harms caused.','Cameroon does not have a comprehensive Ban on tobacco sponsorships and so-called CSR.','African Tobacco Control Alliance (ATCA)',NULL,'2022-05-02 07:04:41','2022-05-02 07:04:41'),
(406,406,51690,'In Canada, tobacco entities like Philip Morris, fund tree planting or conservation activities, which they use to assert that they are “sustainable” companies.','Canada does not have a  ban on tobacco sponsorships and so-called CSR but prohibits their publicity; more can be done to strengthen policy implementation.',NULL,NULL,'2022-05-02 07:04:41','2022-05-02 07:04:41'),
(407,407,2341,'In Central African Republic, government regulation and monitoring will be important to understand how so-called CSR of the tobacco industry aggravates the harms caused.','Central African Republic does not have a comprehensive Ban on tobacco sponsorships and so-called CSR.','African Tobacco Control Alliance (ATCA)',NULL,'2022-05-02 07:04:41','2022-05-02 07:04:41'),
(408,408,4228,'In Chad, government regulation and monitoring will be important to understand how so-called CSR of the tobacco industry aggravates the harms caused.','Chad does not have a comprehensive Ban on tobacco sponsorships and so-called CSR.','African Tobacco Control Alliance (ATCA)',NULL,'2022-05-02 07:04:41','2022-05-02 07:04:41'),
(409,409,13017,'In Chile, BAT boasts of its “social” contribution” to  local communities such as water efficiency and carbon neutrality of their factories.','Chile does not have a comprehensive  ban on tobacco sponsorships and so-called CSR.',NULL,NULL,'2022-05-02 07:04:41','2022-05-02 07:04:41'),
(410,410,2704354,'In China, the tobacco industry is allowed to publicize its so-called CSR including in disaster relief. ','China does not have a  comprehensive ban on tobacco sponsorships and so-called CSR ',NULL,NULL,'2022-05-02 07:04:41','2022-05-02 07:04:41'),
(411,411,34800,'In Colombia, the main tobacco companies, PMI and BAT, freely collaborate with government agencies in its CSR, including in financing a farmer’s association.','Colombia does not have a  ban on tobacco sponsorships and so-called CSR but prohibits their publicity.','Anáas and Red PaPaz ',NULL,'2022-05-02 07:04:41','2022-05-02 07:04:41'),
(412,412,324,'In Comoros, government regulation and monitoring will be important to understand how so-called CSR of the tobacco industry aggravates the harms caused.','Comoros does not have a comprehensive Ban on tobacco sponsorships and so-called CSR.','African Tobacco Control Alliance (ATCA)',NULL,'2022-05-02 07:04:41','2022-05-02 07:04:41'),
(413,413,1707,'In Congo, government regulation and monitoring will be important to understand how so-called CSR of the tobacco industry aggravates the harms caused.','Congo has a comprehensive ban on tobacco sponsorships including so-called CSR but more can be done to hold the tobacco industry to account for environment harms.','African Tobacco Control Alliance (ATCA)',NULL,'2022-05-02 07:04:41','2022-05-02 07:04:41'),
(414,414,27,'In Cook Islands, government regulation and monitoring will be important to understand how so-called CSR of the tobacco industry aggravates the harms caused.',NULL,NULL,NULL,'2022-05-02 07:04:41','2022-05-02 07:04:41'),
(415,415,2371,'In Costa Rica, despite a tobacco ban on tobacco CSR activities, Philip Morris partnered with a local government and a national university on a campaign to collect cigarette butts ---widely promoted through advertisements that include PMI logo.','Though Costa Rica has a comprehensive ban on tobacco sponsorships including so-called CSR, imposing penalties or fees on tobacco industry to adress their tobacco product waste can be an essential tool to hold the industry accountable for environment harms.',NULL,NULL,'2022-05-02 07:04:41','2022-05-02 07:04:41'),
(416,416,8602,'In Cote d’lvoire, tobacco companies had a practice of  making donations that were distributed to village communities.','Cote d Ivoire has a comprehensive ban on tobacco sponsorships including so-called CSR but more can be done to hold the tobacco industry to account for environment harms.','African Tobacco Control Alliance (ATCA)',NULL,'2022-05-02 07:04:41','2022-05-02 07:04:41'),
(417,417,10630,'In Croatia, government regulation and monitoring will be important to understand how so-called CSR of the tobacco industry aggravates the harms caused.','Croatia has a comprehensive ban on tobacco sponsorships including so-called CSR but more can be done to hold the tobacco industry to account for environment harms.',NULL,NULL,'2022-05-02 07:04:41','2022-05-02 07:04:41'),
(418,418,21441,'In Cuba, government regulation and monitoring will be important to understand how so-called CSR of the tobacco industry aggravates the harms caused.','Cuba does not have a comprehensive Ban on tobacco sponsorships and so-called CSR.',NULL,NULL,'2022-05-02 07:04:41','2022-05-02 07:04:41'),
(419,419,1641,'In Cyprus, government regulation and monitoring will be important to understand how so-called CSR of the tobacco industry aggravates the harms caused.','Cyprus has a comprehensive ban on tobacco sponsorships including so-called CSR but more can be done to hold the tobacco industry to account for environment harms.',NULL,NULL,'2022-05-02 07:04:41','2022-05-02 07:04:41'),
(420,420,22317,'In Czech Republic, tobacco companies like Philip Morris, actively conduct a wider range of so-called CSR including on disaster relief. ','Czech does not have a comprehensive ban on tobacco sponsorships and so-called CSR. ',NULL,NULL,'2022-05-02 07:04:41','2022-05-02 07:04:41'),
(421,421,51281,'In Democratic People\'s Republic of Korea, government regulation and monitoring will be important to understand how so-called CSR of the tobacco industry aggravates the harms caused.','Democratic People\'s Republic of Korea does not have a comprehensive Ban on tobacco sponsorships and so-called CSR.',NULL,NULL,'2022-05-02 07:04:41','2022-05-02 07:04:41'),
(422,422,17827,'In Democratic Republic of the Congo, government regulation and monitoring will be important to understand how so-called CSR of the tobacco industry aggravates the harms caused.',NULL,'African Tobacco Control Alliance (ATCA)',NULL,'2022-05-02 07:04:41','2022-05-02 07:04:41'),
(423,423,13121,'In Denmark, government regulation and monitoring will be important to understand how so-called CSR of the tobacco industry aggravates the harms caused.','Denmark has a comprehensive ban on tobacco sponsorships including so-called CSR but more can be done to hold the tobacco industry to account for environment harms.',NULL,NULL,'2022-05-02 07:04:41','2022-05-02 07:04:41'),
(424,424,594,'In Djibouti, government regulation and monitoring will be important to understand how so-called CSR of the tobacco industry aggravates the harms caused.','Djibouti has a comprehensive ban on tobacco sponsorships including so-called CSR but more can be done to hold the tobacco industry to account for environment harms.',NULL,NULL,'2022-05-02 07:04:41','2022-05-02 07:04:41'),
(425,425,48,'In Dominica, government regulation and monitoring will be important to understand how so-called CSR of the tobacco industry aggravates the harms caused.','Dominica does not have a comprehensive Ban on tobacco sponsorships and so-called CSR.',NULL,NULL,'2022-05-02 07:04:41','2022-05-02 07:04:41'),
(426,426,8976,'In Dominican Republic, the tobacco industry  conducts development projects in tobacco farming communities in full view of local central government and/or local authorities including  government partnerships on fellowships in tobacco agriculture. ','Dominican Republic does not have a comprehensive  ban on tobacco sponsorships and so-called CSR ',NULL,NULL,'2022-05-02 07:04:41','2022-05-02 07:04:41'),
(427,427,5447,'In Ecuador, the tobacco companies  fund so-called CSR activities.  directly or through intermediaries, while engaging government officials. Some are  implemented in select  tobacco growing communities.','Ecuador does not have a  ban on tobacco sponsorships and so-called CSR but prohibits their publicity.',NULL,NULL,'2022-05-02 07:04:41','2022-05-02 07:04:41'),
(428,428,90207,'In Egypt, tobacco companies are free to conduct so-called CSR activities.','Egypt does not have a comprehensive ban on tobacco sponsorships and so-called CSR .',NULL,NULL,'2022-05-02 07:04:41','2022-05-02 07:04:41'),
(429,429,2041,'In El Salvador, tobacco companies like  Philip Morris is able to contributet o government initiatives through third party foundations such as the Salvadoran Health and Human Development Foundation (FUSAL). ','El Salvador, bans the sponsorship of any activity, but has yet to ban  tobacco industry\'s so-called CSR..',NULL,NULL,'2022-05-02 07:04:41','2022-05-02 07:04:41'),
(430,430,236,'In Equatorial Guinea, government regulation and monitoring will be important to understand how so-called CSR of the tobacco industry aggravates the harms caused.','Equatorial Guinea does not have a comprehensive Ban on tobacco sponsorships and so-called CSR.','African Tobacco Control Alliance (ATCA)',NULL,'2022-05-02 07:04:41','2022-05-02 07:04:41'),
(431,431,1818,'In Eritrea, government regulation and monitoring will be important to understand how so-called CSR of the tobacco industry aggravates the harms caused.','Eritrea has a comprehensive ban on tobacco sponsorships including so-called CSR but more can be done to hold the tobacco industry to account for environment harms.','African Tobacco Control Alliance (ATCA)',NULL,'2022-05-02 07:04:41','2022-05-02 07:04:41'),
(432,432,2335,'In Estonia, government regulation and monitoring will be important to understand how so-called CSR of the tobacco industry aggravates the harms caused.','Estonia does not have a comprehensive Ban on tobacco sponsorships and so-called CSR.',NULL,NULL,'2022-05-02 07:04:41','2022-05-02 07:04:41'),
(433,433,443,'In Eswatini, government regulation and monitoring will be important to understand how so-called CSR of the tobacco industry aggravates the harms caused.',NULL,'African Tobacco Control Alliance (ATCA)',NULL,'2022-05-02 07:04:41','2022-05-02 07:04:41'),
(434,434,9884,'In Ethiopia, despite bans, the tobacco industry  provided seeds and pesticides to smallholder farmers, recommending to policy makers to support and facilitate tobacco production and marketing.','Ethiopia has a ban on tobacco sponsorships including so-called CSR but more can be done to strengthen its implementation .','African Tobacco Control Alliance (ATCA)',NULL,'2022-05-02 07:04:41','2022-05-02 07:04:41'),
(435,435,1216,'In Fiji, the tobacco company BAT is free to showcase its small  water access projects and assistance to farmers, to demonstrate its \"social responsibility\".','Fiji does not have a  ban on tobacco sponsorships and so-called CSR. ',NULL,NULL,'2022-05-02 07:04:41','2022-05-02 07:04:41'),
(436,436,7047,'In Finland, government regulation and monitoring will be important to understand how so-called CSR of the tobacco industry aggravates the harms caused.',' Finland has a comprehensive ban on tobacco sponsorships including so-called CSR but more can be done to hold the tobacco industry to account for environment harms.',NULL,NULL,'2022-05-02 07:04:41','2022-05-02 07:04:41'),
(437,437,83001,'The \"European  directive on single use plastics which included restrictions on cigarette butts and shifted the responsibility of clearning up cigarette filters to tobacco companies, enabled  it to claim that they are \"socially responsible producers\".','France has a ban on tobacco sponsorships including so-called CSR; however, legal duties under the EPR system, making the tobacco industry pay for environmental harms, in accordance with the SUP Policy makes the industry appear \"socially responsible\". Thus, it needs to be modified to comply with the global control treaty.','National Committee Against Tobacco (CNCT)',NULL,'2022-05-02 07:04:41','2022-05-02 07:04:41'),
(438,438,630,'In Gabon, the tobacco industry skirts the country\'s tpbacco sponsorship bans that are limited to culture, education and sports.','Gabon does not have a  comprehensive ban on tobacco sponsorships  but bars the tobacco companies/ industry from publicizing their activities. ','African Tobacco Control Alliance (ATCA)',NULL,'2022-05-02 07:04:41','2022-05-02 07:04:41'),
(439,439,815,'In Gambia, government regulation and monitoring will be important to understand how so-called CSR of the tobacco industry aggravates the harms caused.','Gambia has a comprehensive ban on tobacco sponsorships including so-called CSR but more can be done to hold the tobacco industry to account for environment harms.','African Tobacco Control Alliance (ATCA)',NULL,'2022-05-02 07:04:41','2022-05-02 07:04:41'),
(440,440,8389,'In Georgia, the tobacco industry freely conducts so-called CSR, directly or through third parties including on economic policy research.','Goergia does not have a  ban on tobacco sponsorships and so-called CSR but prohibits their publicity.','FCTC Implementation and Monitoring Center, Georgia',NULL,'2022-05-02 07:04:41','2022-05-02 07:04:41'),
(441,441,148650,'In Germany, the tobacco companies conduct so-called CSR and engage government officials in the process.','Germany does not have a comprehensive  ban on tobacco sponsorships and so-called CSR. ',NULL,NULL,'2022-05-02 07:04:41','2022-05-02 07:04:41'),
(442,442,6640,'In Ghana, tobacco companies are prohibited from conducting so-called socially responsible activities.','Ghana has a comprehensive ban on tobacco sponsorships including so-called CSR but more can be done to hold the tobacco industry to account for environment harms.','Vision for Alternative Development\n\nAfrican Tobacco Control Alliance (ATCA)',NULL,'2022-05-02 07:04:41','2022-05-02 07:04:41'),
(443,443,27839,'In Greece, government regulation and monitoring will be important to understand how so-called CSR of the tobacco industry aggravates the harms caused.','Greece does not have a comprehensive Ban on tobacco sponsorships and so-called CSR.',NULL,NULL,'2022-05-02 07:04:41','2022-05-02 07:04:41'),
(444,444,65,'In Grenada, government regulation and monitoring will be important to understand how so-called CSR of the tobacco industry aggravates the harms caused.','Grenada does not have a comprehensive Ban on tobacco sponsorships and so-called CSR.',NULL,NULL,'2022-05-02 07:04:41','2022-05-02 07:04:41'),
(445,445,4733,'In Guatemala, the tobacco company Philip Morris, conducted recycling program for its products and framed it as a \"climage change\" initiative.  ','Guatemala does not have a comprehensive  ban on tobacco sponsorships and so-called CSR ','Integra Cancer Institute',NULL,'2022-05-02 07:04:41','2022-05-02 07:04:41'),
(446,446,5353,'In Guinea, government regulation and monitoring will be important to understand how so-called CSR of the tobacco industry aggravates the harms caused.','Guinea has a comprehensive ban on tobacco sponsorships including so-called CSR but more can be done to hold the tobacco industry to account for environment harms.','African Tobacco Control Alliance (ATCA)',NULL,'2022-05-02 07:04:41','2022-05-02 07:04:41'),
(447,447,438,'In Guinea-Bissau, government regulation and monitoring will be important to understand how so-called CSR of the tobacco industry aggravates the harms caused.','Guinea-Bissau does not have a comprehensive Ban on tobacco sponsorships and so-called CSR.','African Tobacco Control Alliance (ATCA)',NULL,'2022-05-02 07:04:41','2022-05-02 07:04:41'),
(448,448,526,'In Guyana, government regulation and monitoring will be important to understand how so-called CSR of the tobacco industry aggravates the harms caused.','Guyana has a comprehensive ban on tobacco sponsorships including so-called CSR but more can be done to hold the tobacco industry to account for environment harms.',NULL,NULL,'2022-05-02 07:04:41','2022-05-02 07:04:41'),
(449,449,3896,'In Haiti government regulation and monitoring will be important to understand how so-called CSR of the tobacco industry aggravates the harms caused.','Haiti does not have a comprehensive Ban on tobacco sponsorships and so-called CSR.',NULL,NULL,'2022-05-02 07:04:41','2022-05-02 07:04:41'),
(450,450,4883,'In Honduras, the tobacco industry freely conducted so-called CSR, which were participated by public officials (such as with the Ministry of Health, Public Hospitals, Ministry of Security / National Police).','Honduras does not have a comprehensive ban on tobacco sponsorships and so-called CSR .',NULL,NULL,'2022-05-02 07:04:41','2022-05-02 07:04:41'),
(451,451,27118,'In Hungary, government regulation and monitoring will be important to understand how so-called CSR of the tobacco industry aggravates the harms caused.','Hungary does not have a comprehensive Ban on tobacco sponsorships and so-called CSR.',NULL,NULL,'2022-05-02 07:04:41','2022-05-02 07:04:41'),
(452,452,363,'In Iceland, government regulation and monitoring will be important to understand how so-called CSR of the tobacco industry aggravates the harms caused.',NULL,NULL,NULL,'2022-05-02 07:04:41','2022-05-02 07:04:41'),
(453,453,1231172,'In India, where tobacco\'s environmental harms are most severe, the tobacco companies  fund so-called CSR activities , directly or through intermediaries and implement these in select tobacco growing communities. ','India does not have a  ban on tobacco sponsorships but bars the tobacco companies/ industry from publicizing their activities .',NULL,NULL,'2022-05-02 07:04:41','2022-05-02 07:04:41'),
(454,454,290444,'In Indonesia, where environmental impact of tobacco is severe, the tobacco companies fund so-called CSR activities, directly or through intermediaries, such as tree planting and waste management activities.','Indonesia does not have a comprehensive  ban on tobacco sponsorships and so-called CSR .',NULL,NULL,'2022-05-02 07:04:41','2022-05-02 07:04:41'),
(455,455,48564,'In Iran, the tobacco industry is not allowed to undertake activities that gives publicity for tobacco products.','Iran has a ban on tobacco sponsorships , and  2% of taxes from tobacco is allocated for non profit organizations, but more can be done to hold the tobaccoindustry to account for its environmental harms.',NULL,NULL,'2022-05-02 07:04:41','2022-05-02 07:04:41'),
(456,456,30263,'In Iraq, tobacco companies have not  been found to conduct so-called CSR activities.','Iraq has a comprehensive ban on tobacco sponsorships including so-called CSR but more can be done to hold the tobacco industry to account for environment harms.',NULL,NULL,'2022-05-02 07:04:41','2022-05-02 07:04:41'),
(457,457,6459,'In Ireland, government regulation and monitoring will be important to understand how so-called CSR of the tobacco industry aggravates the harms caused.',NULL,NULL,NULL,'2022-05-02 07:04:41','2022-05-02 07:04:41'),
(458,458,6527,'In Israel, tobacco companies are free to undertake so-called CSR activities; in 2020, PMI funded a program to reduce the use of single-use plastic products.','Israel does not have a comprehensive ban on tobacco sponsorships and so-called CSR. ',NULL,NULL,'2022-05-02 07:04:41','2022-05-02 07:04:41'),
(459,459,96037,'In Italy,  the tobacco companies freely conduct so-called  CSR directly or through third parties, and engage public officials in the process.','Italy does not have a comprehensive  ban on tobacco sponsorships and so-called CSR. ',NULL,NULL,'2022-05-02 07:04:41','2022-05-02 07:04:41'),
(460,460,2008,'In Jamaica, government regulation and monitoring will be important to understand how so-called CSR of the tobacco industry aggravates the harms caused.','Jamaica does not have a comprehensive Ban on tobacco sponsorships and so-called CSR.',NULL,NULL,'2022-05-02 07:04:41','2022-05-02 07:04:41'),
(461,461,211757,'In Japan,  the tobacco companies conduct so-called CSR activities including cigarette butt collecting/recycling projects while engaging local officials in the process.','Japan does not have a comprehensive  ban on tobacco sponsorships and so-called CSR. ',NULL,NULL,'2022-05-02 07:04:41','2022-05-02 07:04:41'),
(462,462,5482,'In Jordan, the tobacco industry\'s so-called CSR in relation to reducing carbon emission is so convicing that it received an award from the Ministry of Environment. ','Jordan has a  ban on tobacco sponsorships including so-called CSR but more can be done to strengthen its implementation ',NULL,NULL,'2022-05-02 07:04:41','2022-05-02 07:04:41'),
(463,463,22901,'In Kazakhstan , tobacco companies are free to conduct so-called CSR activities  and have been endorsed and awarded by government agencies  (such as  Ministry of Labour and Social Protection of the People awaring Philip Morris a special CSR “Paryz” award for ecological approach for best “green office”.)','Kazakhstan does not have a comprehensive  ban on tobacco sponsorships and so-called CSR. ',NULL,NULL,'2022-05-02 07:04:41','2022-05-02 07:04:41'),
(464,464,12011,'In Kenya, the tobacco industry used its existing collaboration with the government to conduct further environment-related CSR including on water supply.','Kenya has a  ban on tobacco sponsorships including so-called CSR but more can be done to strengthen its implementation .','African Tobacco Control Alliance (ATCA)',NULL,'2022-05-02 07:04:41','2022-05-02 07:04:41'),
(465,465,287,'In Kiribati, government regulation and monitoring will be important to understand how so-called CSR of the tobacco industry aggravates the harms caused.','Kiribati has a comprehensive ban on tobacco sponsorships including so-called CSR but more can be done to hold the tobacco industry to account for environment harms.',NULL,NULL,'2022-05-02 07:04:41','2022-05-02 07:04:41'),
(466,466,54508,'In Korea,  Philip Morris  funded awareness programs on cigarette litter through an NGO, Korea Green Foundation,  ','The Republic of Korea does not have acomprehensive   ban on tobacco sponsorships and so-called CSR ',NULL,NULL,'2022-05-02 07:04:41','2022-05-02 07:04:41'),
(467,467,1790,'In Kuwait, government regulation and monitoring will be important to understand how so-called CSR of the tobacco industry aggravates the harms caused.',NULL,NULL,NULL,'2022-05-02 07:04:41','2022-05-02 07:04:41'),
(468,468,5997,'In Kyrgyzstan, government regulation and monitoring will be important to understand how so-called CSR of the tobacco industry aggravates the harms caused.',NULL,NULL,NULL,'2022-05-02 07:04:41','2022-05-02 07:04:41'),
(469,469,7009,'In Lao PDR, tobacco companies have not  been found to conduct so-called CSR activities.','Lao PDR  has a comprehensive ban on tobacco sponsorships including so-called CSR but more can be done to hold the tobacco industry to account for environment harms.',NULL,NULL,'2022-05-02 07:04:41','2022-05-02 07:04:41'),
(470,470,4077,'In Latvia, government regulation and monitoring will be important to understand how so-called CSR of the tobacco industry aggravates the harms caused.','Latvia does not have a comprehensive Ban on tobacco sponsorships and so-called CSR.',NULL,NULL,'2022-05-02 07:04:41','2022-05-02 07:04:41'),
(471,471,8631,'In Lebanon, the tobacco industry provides financial grants to various municipalities and conducted several CSR activities involving officials from the national government. ','Lebanon has a  ban on tobacco sponsorships including so-called CSR but more can be done to strengthen its implementation ',NULL,NULL,'2022-05-02 07:04:41','2022-05-02 07:04:41'),
(472,472,2635,'In Lesotho, government regulation and monitoring will be important to understand how so-called CSR of the tobacco industry aggravates the harms caused.','Lesotho does not have a comprehensive Ban on tobacco sponsorships and so-called CSR.','African Tobacco Control Alliance (ATCA)',NULL,'2022-05-02 07:04:41','2022-05-02 07:04:41'),
(473,473,838,'In Liberia, government regulation and monitoring will be important to understand how so-called CSR of the tobacco industry aggravates the harms caused.','Liberia does not have a comprehensive Ban on tobacco sponsorships and so-called CSR.','African Tobacco Control Alliance (ATCA)',NULL,'2022-05-02 07:04:41','2022-05-02 07:04:41'),
(474,474,4580,'In Libya, government regulation and monitoring will be important to understand how so-called CSR of the tobacco industry aggravates the harms caused.','Libya has a comprehensive ban on tobacco sponsorships including so-called CSR but more can be done to hold the tobacco industry to account for environment harms.',NULL,NULL,'2022-05-02 07:04:41','2022-05-02 07:04:41'),
(475,475,5383,'In Lithuania, government regulation and monitoring will be important to understand how so-called CSR of the tobacco industry aggravates the harms caused.','Lithuania has a comprehensive ban on tobacco sponsorships including so-called CSR but more can be done to hold the tobacco industry to account for environment harms.',NULL,NULL,'2022-05-02 07:04:41','2022-05-02 07:04:41'),
(476,476,708,'In Luxembourg, government regulation and monitoring will be important to understand how so-called CSR of the tobacco industry aggravates the harms caused.',' Luxembourg has a comprehensive ban on tobacco sponsorships including so-called CSR but more can be done to hold the tobacco industry to account for environment harms.',NULL,NULL,'2022-05-02 07:04:41','2022-05-02 07:04:41'),
(477,477,6947,'In Madagascar, government regulation and monitoring will be important to understand how so-called CSR of the tobacco industry aggravates the harms caused.','Madagascar has a comprehensive ban on tobacco sponsorships including so-called CSR but more can be done to hold the tobacco industry to account for environment harms.','African Tobacco Control Alliance (ATCA)',NULL,'2022-05-02 07:04:41','2022-05-02 07:04:41'),
(478,478,5402,'In Malawi, government regulation and monitoring will be important to understand how so-called CSR of the tobacco industry aggravates the harms caused.','Malawi does not have a comprehensive Ban on tobacco sponsorships and so-called CSR.','African Tobacco Control Alliance (ATCA)',NULL,'2022-05-02 07:04:41','2022-05-02 07:04:41'),
(479,479,29458,'In Malaysia, the tobacco companies manage to conduct so-callled CSR and engage government officials inc the process (eg. PMI contributed CSR to the Ministry of Health.)','Malaysia does not have a  ban on tobacco sponsorships and so-called CSR but prohibits their publicity; more can be done to strengthen policy implementation.','Malaysian Green Lung Association',NULL,'2022-05-02 07:04:41','2022-05-02 07:04:41'),
(480,480,241,'In Maldives, tobacco companies are barred from making any form of sponsorships  and officials sign a declaration of interest to ensure they have no conflict of interest.','Maldives bans the publicizing of industry\'s CSR activities, but more can be done to hold the tobacco industry to account for environment harms.',NULL,NULL,'2022-05-02 07:04:41','2022-05-02 07:04:41'),
(481,481,4781,'In Mali, government regulation and monitoring will be important to understand how so-called CSR of the tobacco industry aggravates the harms caused.','Mali has a comprehensive ban on tobacco sponsorships including so-called CSR but more can be done to hold the tobacco industry to account for environment harms.','African Tobacco Control Alliance (ATCA)',NULL,'2022-05-02 07:04:41','2022-05-02 07:04:41'),
(482,482,588,'In Malta, government regulation and monitoring will be important to understand how so-called CSR of the tobacco industry aggravates the harms caused.','Malta does not have a comprehensive Ban on tobacco sponsorships and so-called CSR.',NULL,NULL,'2022-05-02 07:04:41','2022-05-02 07:04:41'),
(483,483,66,'In Marshall Islands, government regulation and monitoring will be important to understand how so-called CSR of the tobacco industry aggravates the harms caused.',' Marshall Islands does not have a comprehensive Ban on tobacco sponsorships and so-called CSR.',NULL,NULL,'2022-05-02 07:04:41','2022-05-02 07:04:41'),
(484,484,898,'In Mauritania, government regulation and monitoring will be important to understand how so-called CSR of the tobacco industry aggravates the harms caused.',NULL,'African Tobacco Control Alliance (ATCA)',NULL,'2022-05-02 07:04:41','2022-05-02 07:04:41'),
(485,485,1390,'In Mauritius, government regulation and monitoring will be important to understand how so-called CSR of the tobacco industry aggravates the harms caused.',NULL,'African Tobacco Control Alliance (ATCA)',NULL,'2022-05-02 07:04:41','2022-05-02 07:04:41'),
(486,486,57518,'In Mexico, tobacco companies\' so-called CSR activities such as donations to local governments are publicized   ','Mexico does not have a comprehensive  ban on tobacco sponsorships but bars the tobacco companies/ industry from publicizing their activities. ',NULL,NULL,'2022-05-02 07:04:41','2022-05-02 07:04:41'),
(487,487,195,'In Micronesia, government regulation and monitoring will be important to understand how so-called CSR of the tobacco industry aggravates the harms caused.','Mirconesia does not have a comprehensive Ban on tobacco sponsorships and so-called CSR.',NULL,NULL,'2022-05-02 07:04:41','2022-05-02 07:04:41'),
(488,488,101,'In Monaco, government regulation and monitoring will be important to understand how so-called CSR of the tobacco industry aggravates the harms caused.','Monaco does not have a comprehensive Ban on tobacco sponsorships and so-called CSR.',NULL,NULL,'2022-05-02 07:04:41','2022-05-02 07:04:41'),
(489,489,4182,'In Mongolia, tobacco producers are prohibited from making donations and assistance to social welfare and envronmental protection organzation or through other organizations in the name of social responsibility.','Mongolia has a ban on tobacco sponsorships and obliges the government and citizens to refuse industry offers and sponsorships, but more can be done to hold the tobacco industry to account.',NULL,NULL,'2022-05-02 07:04:41','2022-05-02 07:04:41'),
(490,490,1905,'In Montenegro, government regulation and monitoring will be important to understand how so-called CSR of the tobacco industry aggravates the harms caused.','Montenegro does not have a comprehensive Ban on tobacco sponsorships and so-called CSR.',NULL,NULL,'2022-05-02 07:04:41','2022-05-02 07:04:41'),
(491,491,26980,'In Morocco, government regulation and monitoring will be important to understand how so-called CSR of the tobacco industry aggravates the harms caused.','Morocco does not have a comprehensive Ban on tobacco sponsorships and so-called CSR.',NULL,NULL,'2022-05-02 07:04:41','2022-05-02 07:04:41'),
(492,492,9306,'In Mozambique, tobacco companies can conduct activities in the guise of \"social responsiblity,\"  directly or through intermediaries like ECLT, \" for instance, Imperial Brands funded forest plantations for the  supply of wood, which are also used in tobacco leaf production.','Mozamobique does not have a comprehensive ban on tobacco sponsorships and so-called CSR .','African Tobacco Control Alliance (ATCA)',NULL,'2022-05-02 07:04:41','2022-05-02 07:04:41'),
(493,493,68626,'In Myanmar, despite a ban on tobacco related CSR activities , tobacco companies can undertake so-called CSR such as the JTI  project to deliver drinking water to a locality.','Myanmar does not have a comprehensive  ban on tobacco sponsorships but bars the tobacco companies/ industry from publicizing their activities .',NULL,NULL,'2022-05-02 07:04:41','2022-05-02 07:04:41'),
(494,494,1347,'In Namibia, government regulation and monitoring will be important to understand how so-called CSR of the tobacco industry aggravates the harms caused.','Namibia does not have a comprehensive Ban on tobacco sponsorships and so-called CSR.','African Tobacco Control Alliance (ATCA)',NULL,'2022-05-02 07:04:41','2022-05-02 07:04:41'),
(495,495,13,'In Nauru, government regulation and monitoring will be important to understand how so-called CSR of the tobacco industry aggravates the harms caused.',NULL,NULL,NULL,'2022-05-02 07:04:41','2022-05-02 07:04:41'),
(496,496,37530,'In Nepal, tobacco companies continue to provide donaions, including to or through Chief Ministers, in the name of social responsibility.','Nepal\'s sponsorship ban is limited only to prohibiting tobacco manufacturers and related parties from providing any financial, and structural assistance to educational, religious and other activities but more needs to be done to hold the industry accountable for environmental harms.',NULL,NULL,'2022-05-02 07:04:41','2022-05-02 07:04:41'),
(497,497,5032,'Amind stringent regulations, Philip Morris still managed to sponsor activities such as those during the NZ Fashion Week that are co-sponsored by the government.',' New Zealand prohibits the tobacco industry from publicising their activities.',NULL,NULL,'2022-05-02 07:04:41','2022-05-02 07:04:41'),
(498,498,2069,'In Nicaragua, while no recent CSR were reported, the tobacco industry previously supported an NGO’s program for children of Nicaraguan workers ','Nicaragua does not have a comprehensive ban on tobacco sponsorships and so-called CSR .',NULL,NULL,'2022-05-02 07:04:41','2022-05-02 07:04:41'),
(499,499,3388,'In Niger, government regulation and monitoring will be important to understand how so-called CSR of the tobacco industry aggravates the harms caused.',NULL,'African Tobacco Control Alliance (ATCA)',NULL,'2022-05-02 07:04:41','2022-05-02 07:04:41'),
(500,500,26851,'In Nigeria, the tobacco industry, through a foundation, partners with federal and state level agencies and officials who receive contributions and donations in the area of agriculture and education.','Nigeria has a comprehensive ban on tobacco sponsorships including so-called CSR but more can be done to strengthen its implementation.','African Tobacco Control Alliance (ATCA)',NULL,'2022-05-02 07:04:41','2022-05-02 07:04:41'),
(501,501,3,'In Niue, government regulation and monitoring will be important to understand how so-called CSR of the tobacco industry aggravates the harms caused.',NULL,NULL,NULL,'2022-05-02 07:04:41','2022-05-02 07:04:41'),
(502,502,5889,'In North Macedonia, government regulation and monitoring will be important to understand how so-called CSR of the tobacco industry aggravates the harms caused.',NULL,NULL,NULL,'2022-05-02 07:04:41','2022-05-02 07:04:41'),
(503,503,5129,'In Norway, tobacco companies look forward\" to working with local authorities and civil society organizations\" in its participation in the extended producer responsibility (EPR) activities related to clean up of butts on public grounds and  through public collection systems, in line with the EU SUP Directive.','Norway has a comprehensive ban on tobacco industry’s CSR activities, and major government funds have excluded tobacco investments. Nevertheless, more can be done to hold tobacco industry to account for environmental harms.',NULL,NULL,'2022-05-02 07:04:41','2022-05-02 07:04:41'),
(504,504,NULL,'In Occupied Palestinian territory, government regulation and monitoring will be important to understand how so-called CSR of the tobacco industry aggravates the harms caused.',NULL,NULL,NULL,'2022-05-02 07:04:41','2022-05-02 07:04:41'),
(505,505,1078,'In Oman, the tobacco industry, comprised typically of tobacco distributors, is free to publicize its so-called CSR activities, including sponsorhing  a National Environmental Forum.','Oman does not have a comprehensive ban on sponsorships which includes so-called CSR.',NULL,NULL,'2022-05-02 07:04:41','2022-05-02 07:04:41'),
(506,506,163672,'In Pakistan, tobacco companies freely partner with government agencies , for instanve, to conduct plantation drives that are disproportionate to the environmental harms tobacco causes.','Pakistan does not have a comprehensive ban on tobacco sponsorships which includes so-called CSR.',NULL,NULL,'2022-05-02 07:04:41','2022-05-02 07:04:41'),
(507,507,40,'In Palau, tobacco companies have not  been found to conduct so-called CSR activities.',' Palau bans the publicizing of industry\'s sponsorship activities, but more can be done to prohibit tobacco companies/ industry from publicizing their activities ',NULL,NULL,'2022-05-02 07:04:41','2022-05-02 07:04:41'),
(508,508,1355,'In Panama, tobacco companies conduct so-called CSR activities through third party entities where they are members, such as  AmCham-AACCLA where BAT and Philip Morris are members.','Panama has a comprehensive ban on tobacco sponsorships but the tobacco industry still manages to conduct so-called CSR actitvities through third parties.',NULL,NULL,'2022-05-02 07:04:41','2022-05-02 07:04:41'),
(509,509,9217,'In Papua New Guinea, government regulation and monitoring will be important to understand how so-called CSR of the tobacco industry aggravates the harms caused.',NULL,NULL,NULL,'2022-05-02 07:04:41','2022-05-02 07:04:41'),
(510,510,4940,'In Paraguay, the tobacco industry collaborates with health agencies in the conduct of its socalled CSR acitivites (e.g., partnerships with the Ministry of Health and Social Security and the Ministry of Labour). ','Paraguay has a  ban on tobacco sponsorships including so-called CSR but more can be done to strengthen its implementation. ',NULL,NULL,'2022-05-02 07:04:41','2022-05-02 07:04:41'),
(511,511,5611,'In Peru, tobacco companies are free to engage in so-called CSR such as Philip Morris contributing to the Peru Food Bank.','Peru does not have a comprehensive ban on tobacco sponsorships and so-called CSR. ',NULL,NULL,'2022-05-02 07:04:41','2022-05-02 07:04:41'),
(512,512,112113,'In the Philippines, the tobacco companies (esp Philip MOrris)  fund so-called CSR activities , directly or through intermediaries, such as  tree planting and water access activities/','The Philippines does not have a comprehensive ban on tobacco sponsorships although the government officials are prohibited from endorsing any tobacco CSR activity.',NULL,NULL,'2022-05-02 07:04:41','2022-05-02 07:04:41'),
(513,513,82833,'In Poland, the tobacco industry is free to collaborate with local governments for instance to provide scholarships and donate funds.','Poland does not ban tobacco sponsorships but prohibits their publicity; more can be done to strengthen policy implementation.',NULL,NULL,'2022-05-02 07:04:41','2022-05-02 07:04:41'),
(514,514,13559,'In Portugal, government regulation and monitoring will be important to understand how so-called CSR of the tobacco industry aggravates the harms caused.','Portugal has a comprehensive ban on tobacco sponsorships including so-called CSR but more can be done to hold the tobacco industry to account for environment harms.',NULL,NULL,'2022-05-02 07:04:41','2022-05-02 07:04:41'),
(515,515,512,'In Qatar, government regulation and monitoring will be important to understand how so-called CSR of the tobacco industry aggravates the harms caused.','Qatar has a comprehensive ban on tobacco sponsorships including so-called CSR but more can be done to hold the tobacco industry to account for environment harms.',NULL,NULL,'2022-05-02 07:04:41','2022-05-02 07:04:41'),
(516,516,6485,'In Republic of Moldova, government regulation and monitoring will be important to understand how so-called CSR of the tobacco industry aggravates the harms caused.','Republic of Moldova has a comprehensive ban on tobacco sponsorships including so-called CSR but more can be done to hold the tobacco industry to account for environment harms.',NULL,NULL,'2022-05-02 07:04:41','2022-05-02 07:04:41'),
(517,517,43603,'In Romania,  the tobacco companies conduct so-called  CSR activities including cigarette butt collecting/recycling projects. while engaging local officials in the process.','Romania does not have a comprehensive  ban on tobacco sponsorships and so-called CSR ',NULL,NULL,'2022-05-02 07:04:41','2022-05-02 07:04:41'),
(518,518,317323,'In Russian Federation, government regulation and monitoring will be important to understand how so-called CSR of the tobacco industry aggravates the harms caused.','Russian Federation has a comprehensive ban on tobacco sponsorships including so-called CSR but more can be done to hold the tobacco industry to account for environment harms.',NULL,NULL,'2022-05-02 07:04:41','2022-05-02 07:04:41'),
(519,519,5450,'In Rwanda, government regulation and monitoring will be important to understand how so-called CSR of the tobacco industry aggravates the harms caused.','Rwanda does not have a comprehensive Ban on tobacco sponsorships and so-called CSR.','African Tobacco Control Alliance (ATCA)',NULL,'2022-05-02 07:04:41','2022-05-02 07:04:41'),
(520,520,32,'In Saint Kitts and Nevis, government regulation and monitoring will be important to understand how so-called CSR of the tobacco industry aggravates the harms caused.','Saint Kitts and Nevis does not have a comprehensive Ban on tobacco sponsorships and so-called CSR.',NULL,NULL,'2022-05-02 07:04:41','2022-05-02 07:04:41'),
(521,521,119,'In Saint Lucia, government regulation and monitoring will be important to understand how so-called CSR of the tobacco industry aggravates the harms caused.','Saint Lucia does not have a comprehensive Ban on tobacco sponsorships and so-called CSR.',NULL,NULL,'2022-05-02 07:04:41','2022-05-02 07:04:41'),
(522,522,75,'In Saint Vincent and the Grenadines, government regulation and monitoring will be important to understand how so-called CSR of the tobacco industry aggravates the harms caused.','Saint Vincent and the Grenadines does not have a comprehensive Ban on tobacco sponsorships and so-called CSR.',NULL,NULL,'2022-05-02 07:04:41','2022-05-02 07:04:41'),
(523,523,281,'In Samoa, government regulation and monitoring will be important to understand how so-called CSR of the tobacco industry aggravates the harms caused.',NULL,NULL,NULL,'2022-05-02 07:04:41','2022-05-02 07:04:41'),
(524,524,44,'In San Marino, government regulation and monitoring will be important to understand how so-called CSR of the tobacco industry aggravates the harms caused.','San Marino does not have a comprehensive Ban on tobacco sponsorships and so-called CSR.',NULL,NULL,'2022-05-02 07:04:41','2022-05-02 07:04:41'),
(525,525,49,'In Sao Tome and Principe, government regulation and monitoring will be important to understand how so-called CSR of the tobacco industry aggravates the harms caused.','Sao Tome and Principe does not have a comprehensive Ban on tobacco sponsorships and so-called CSR.','African Tobacco Control Alliance (ATCA)',NULL,'2022-05-02 07:04:41','2022-05-02 07:04:41'),
(526,526,15541,'In Saudi Arabia, government regulation and monitoring will be important to understand how so-called CSR of the tobacco industry aggravates the harms caused.',NULL,NULL,NULL,'2022-05-02 07:04:41','2022-05-02 07:04:41'),
(527,527,4499,'In Senegal, tobacco companies are free to conduct so-called CSR such as Philip Morris\'s contrbution to  building  classrooms at a rural area.','Senegal imposes total ban on all CSR activities of the tobacco industry, but has yet to strengthen implementation of the same and hold tobacco companies to account..','African Tobacco Control Alliance (ATCA)',NULL,'2022-05-02 07:04:41','2022-05-02 07:04:41'),
(528,528,26638,'In Serbia, government regulation and monitoring will be important to understand how so-called CSR of the tobacco industry aggravates the harms caused.',' Serbia does not have a comprehensive Ban on tobacco sponsorships and so-called CSR.',NULL,NULL,'2022-05-02 07:04:41','2022-05-02 07:04:41'),
(529,529,121,'In Seychelles, government regulation and monitoring will be important to understand how so-called CSR of the tobacco industry aggravates the harms caused.',NULL,'African Tobacco Control Alliance (ATCA)',NULL,'2022-05-02 07:04:41','2022-05-02 07:04:41'),
(530,530,2995,'In Sierra Leone, government regulation and monitoring will be important to understand how so-called CSR of the tobacco industry aggravates the harms caused.','Sierra Leone does not have a comprehensive Ban on tobacco sponsorships and so-called CSR.','African Tobacco Control Alliance (ATCA)',NULL,'2022-05-02 07:04:41','2022-05-02 07:04:41'),
(531,531,3049,'In Singapore, government regulation and monitoring will be important to understand how so-called CSR of the tobacco industry aggravates the harms caused.',NULL,NULL,NULL,'2022-05-02 07:04:41','2022-05-02 07:04:41'),
(532,532,9184,'In Slovakia, government regulation and monitoring will be important to understand how so-called CSR of the tobacco industry aggravates the harms caused.','Slovakia has a comprehensive ban on tobacco sponsorships including so-called CSR but more can be done to hold the tobacco industry to account for environment harms.',NULL,NULL,'2022-05-02 07:04:41','2022-05-02 07:04:41'),
(533,533,3206,'In Slovenia, government regulation and monitoring will be important to understand how so-called CSR of the tobacco industry aggravates the harms caused.','Slovenia has a comprehensive ban on tobacco sponsorships including so-called CSR but more can be done to hold the tobacco industry to account for environment harms.',NULL,NULL,'2022-05-02 07:04:41','2022-05-02 07:04:41'),
(534,534,1227,'In the Solomon Islands, the tobacco industry is free to conduct CSR activities including  providing water tanks to communities.','Solomon Islands does not have a comprehensive ban on tobacco sponsorshipsbut bars the tobacco companies/ industry from publicizing their activities .',NULL,NULL,'2022-05-02 07:04:41','2022-05-02 07:04:41'),
(535,535,6529,'In Somalia, government regulation and monitoring will be important to understand how so-called CSR of the tobacco industry aggravates the harms caused.','Somalia does not have a comprehensive Ban on tobacco sponsorships and so-called CSR.',NULL,NULL,'2022-05-02 07:04:41','2022-05-02 07:04:41'),
(536,536,39141,'In South Africa, tobacco companies partners with the government agencies and officials in conducting its so-called CSR including those implemented in tobacco growing areas. ','South Africa does not have a  ban on tobacco sponsorships and so-called CSR but prohibits their publicity.','African Tobacco Control Alliance (ATCA)',NULL,'2022-05-02 07:04:41','2022-05-02 07:04:41'),
(537,537,2415,'In South Sudan, government regulation and monitoring will be important to understand how so-called CSR of the tobacco industry aggravates the harms caused.','South Sudan does not have a comprehensive Ban on tobacco sponsorships and so-called CSR.',NULL,NULL,'2022-05-02 07:04:41','2022-05-02 07:04:41'),
(538,538,69856,'In Spain, tobacco companies conduct so-called CSR such as awareness campaigns on cigarette butts littering and tobacc-funded \"smoke free\" initiatives','Spain prohibits tobacco sponsorships of any form, ncluding publicit of f so-called CSR activities, but has yet to strengthen implementation of the same and hold tobacco companies to account.',NULL,NULL,'2022-05-02 07:04:41','2022-05-02 07:04:41'),
(539,539,14187,'In Sri Lanka, the tobacco industry conducts annual tree planting programs and provides financial support for the maintenance of public forests',' Sri Lanka bans the publicizing of industry\'s sponsorship activities, but more can be done to prohibit tobacco companies/ industry from publicizing their activities .',NULL,NULL,'2022-05-02 07:04:41','2022-05-02 07:04:41'),
(540,540,19851,'In Sudan, tobacco companies are free to conduct so-called CSR activities such as the Japan Tobacco  ‘Clean Water Project’.','Sudan does not have a ban on tobacco sponsorships including so-called CSR .',NULL,NULL,'2022-05-02 07:04:41','2022-05-02 07:04:41'),
(541,541,526,'In Suriname, government regulation and monitoring will be important to understand how so-called CSR of the tobacco industry aggravates the harms caused.',NULL,NULL,NULL,'2022-05-02 07:04:41','2022-05-02 07:04:41'),
(542,542,14199,'In Sweden, government regulation and monitoring will be important to understand how so-called CSR of the tobacco industry aggravates the harms caused.',NULL,NULL,NULL,'2022-05-02 07:04:41','2022-05-02 07:04:41'),
(543,543,10658,'In Switzerland,  the tobacco companies freely conduct so-called  CSR directly or through third parties, while engaging public officials in the process.','Switzerland does not have a comprehensive  ban on tobacco sponsorships and so-called CSR. ',NULL,NULL,'2022-05-02 07:04:41','2022-05-02 07:04:41'),
(544,544,NULL,'In Syrian Arab Republic, government regulation and monitoring will be important to understand how so-called CSR of the tobacco industry aggravates the harms caused.',NULL,NULL,NULL,'2022-05-02 07:04:41','2022-05-02 07:04:41'),
(545,545,5806,'In Tajikistan, government regulation and monitoring will be important to understand how so-called CSR of the tobacco industry aggravates the harms caused.',NULL,NULL,NULL,'2022-05-02 07:04:41','2022-05-02 07:04:41'),
(546,546,21201,'In Tanzania, tobacco company Imperial Brands, in the name of social responsibility, funds forest plantations  to improve supply of wood; which are then used in the production of tobacco leaves.','Tanzania, a tobacco growing nation, does not have a  comprehensive ban on tobacco sponsorships and so-called CSR .','Tanzania Tobacco Control Forum\n\nAfrica Tobacco Control Alliance (ATCA)',NULL,'2022-05-02 07:04:41','2022-05-02 07:04:41'),
(547,547,70953,'In Thailand, the state owned tobacco company undertakes various forms of so-called CSR including donating trash cans for \"environmental management\".','Thailand is yet to impose a comprehensive ban on tobacco industry\'s sponsorships but prohibits the industry from publicizing its CSR activities, and imposes a 2% surcharge in tobacco taxes as a \"polluters pay\" fee.',NULL,NULL,'2022-05-02 07:04:41','2022-05-02 07:04:41'),
(548,548,32570,'In the Netherlands, JTI previously  collaborated with the Ministry of Infrastructure and Water Management to promote clean beaches.','Netherlands has a  ban on tobacco industry’s sponsorship which includes so-called CSR activities but more can be done to hold tobacco industry to account for environmental harms',NULL,NULL,'2022-05-02 07:04:41','2022-05-02 07:04:41'),
(549,549,1097,'In Timor-Leste, government regulation and monitoring will be important to understand how so-called CSR of the tobacco industry aggravates the harms caused.',NULL,NULL,NULL,'2022-05-02 07:04:41','2022-05-02 07:04:41'),
(550,550,2747,'In Togo, government regulation and monitoring will be important to understand how so-called CSR of the tobacco industry aggravates the harms caused.',NULL,'African Tobacco Control Alliance (ATCA)',NULL,'2022-05-02 07:04:42','2022-05-02 07:04:42'),
(551,551,120,'In Tonga, government regulation and monitoring will be important to understand how so-called CSR of the tobacco industry aggravates the harms caused.',NULL,NULL,NULL,'2022-05-02 07:04:42','2022-05-02 07:04:42'),
(552,552,1275,'In Trinidad and Tobago, government regulation and monitoring will be important to understand how so-called CSR of the tobacco industry aggravates the harms caused.',NULL,NULL,NULL,'2022-05-02 07:04:42','2022-05-02 07:04:42'),
(553,553,12669,'In Tunisia, government regulation and monitoring will be important to understand how so-called CSR of the tobacco industry aggravates the harms caused.',NULL,NULL,NULL,'2022-05-02 07:04:42','2022-05-02 07:04:42'),
(554,554,96135,'In Turkey, despite restrictions tobacco companies manage to conduct so called CSR activities, for instance Philip Morris donations.','Turkey has a  ban on tobacco sponsorships including so-called CSR but more can be done to strengthen its implementation ',NULL,NULL,'2022-05-02 07:04:42','2022-05-02 07:04:42'),
(555,555,5264,'In Turkmenistan, government regulation and monitoring will be important to understand how so-called CSR of the tobacco industry aggravates the harms caused.',NULL,NULL,NULL,'2022-05-02 07:04:42','2022-05-02 07:04:42'),
(556,556,21,'In Tuvalu, government regulation and monitoring will be important to understand how so-called CSR of the tobacco industry aggravates the harms caused.',NULL,NULL,NULL,'2022-05-02 07:04:42','2022-05-02 07:04:42'),
(557,557,549585,'In the USA, Big Tobacco freely undertakes \"anti-litering\" activities and contributes to electoral campaigns.','US does not have a  comprehensive ban on tobacco sponsorships and so-called CSR. ','Action on Smoking and Health (ASH)',NULL,'2022-05-02 07:04:42','2022-05-02 07:04:42'),
(558,558,7450,'In Uganda,  a tobacco-funded entity, Elimination of Child Labour in Tobacco Growing Foundation (ECLT),  funds so-called CSR, furthering tobacco company interests, including in tobacco growing communities.\n','In Uganda, the Tobacco Control Act bans so-called tobacco CSR and prohibits government officials from endorsing or accepting tobacco related CSR activities. ','African Tobacco Control Alliance (ATCA)',NULL,'2022-05-02 07:04:42','2022-05-02 07:04:42'),
(559,559,125760,'In Ukraine, despite tobacco restrictions and unprecedented circumstances, tobacco companies manage to conduct so-called CSR activities. ','Ukraine has a comprehensive ban on tobacco sponsorships including so-called CSR but more can be done to hold the tobacco industry to account for environment harms.',NULL,NULL,'2022-05-02 07:04:42','2022-05-02 07:04:42'),
(560,560,4413,'In UAE, government regulation and monitoring will be important to understand how so-called CSR of the tobacco industry aggravates the harms caused.',NULL,NULL,NULL,'2022-05-02 07:04:42','2022-05-02 07:04:42'),
(561,561,124908,'In the U.K. the tobacco industry promoted its \"CSR activities among parliamentarians using informal parliamentary groups and direct lobbying. \"','UK does not have a comprehensive ban on tobacco sponsorships',NULL,NULL,'2022-05-02 07:04:42','2022-05-02 07:04:42'),
(562,562,5423,'In Uruguay, tobacco-related CSR activities are prohibited.','Uruguay has a  ban on tobacco industry’s sponsorship activities, but more can be done to hold tobacco industry to account for environmental harms, such as increasing tobacco taxes.','CIET Uruguay',NULL,'2022-05-02 07:04:42','2022-05-02 07:04:42'),
(563,563,27447,'In Uzbekistan, government regulation and monitoring will be important to understand how so-called CSR of the tobacco industry aggravates the harms caused.',NULL,NULL,NULL,'2022-05-02 07:04:42','2022-05-02 07:04:42'),
(564,564,300,'In Vanuata, government regulation and monitoring will be important to understand how so-called CSR of the tobacco industry aggravates the harms caused.',NULL,NULL,NULL,'2022-05-02 07:04:42','2022-05-02 07:04:42'),
(565,565,19889,'In Venezuela, despite the ban on tobacco\'s so-called CSR activities, tobacco companies continue to conduct such activities, such as  the BAT foundation’s educational programs','The Venezuelan government has implemented a thorough and complete ban on all forms of tobacco industry’s CSR activities.',NULL,NULL,'2022-05-02 07:04:42','2022-05-02 07:04:42'),
(566,566,112575,'In Vietnam, the tobacco industry conducts CSR activities through donations to schools, construction of houses, loans to women, among others.','Vietnam does not have a  ban on tobacco sponsorships but bars the tobacco companies/ industry from publicizing their activities .',NULL,NULL,'2022-05-02 07:04:42','2022-05-02 07:04:42'),
(567,567,20690,'In Yemen, government regulation and monitoring will be important to understand how so-called CSR of the tobacco industry aggravates the harms caused.',NULL,NULL,NULL,'2022-05-02 07:04:42','2022-05-02 07:04:42'),
(568,568,5527,'In Zambia, where tobacco-related environmental harms are severe, the tobacco companies freely conduct so-called  directly or through third parties.','Zambia does not have a comprehensive  ban on tobacco sponsorships and so-called CSR .','Tobacco Free Association of Zambia\n\nAfrica Tobacco Control Alliance (ATCA)',NULL,'2022-05-02 07:04:42','2022-05-02 07:04:42'),
(569,569,10317,'In Zimbabwe, government regulation and monitoring will be important to understand how so-called CSR of the tobacco industry aggravates the harms caused.',NULL,'African Tobacco Control Alliance (ATCA)',NULL,'2022-05-02 07:04:42','2022-05-02 07:04:42');

/*Table structure for table `country_metadata` */

DROP TABLE IF EXISTS `country_metadata`;

CREATE TABLE `country_metadata` (
  `id` bigint(20) unsigned NOT NULL AUTO_INCREMENT,
  `country_id` bigint(20) unsigned NOT NULL,
  `meta_title` varchar(191) COLLATE utf8mb4_unicode_ci DEFAULT NULL,
  `meta_description` text COLLATE utf8mb4_unicode_ci,
  `created_at` timestamp NULL DEFAULT NULL,
  `updated_at` timestamp NULL DEFAULT NULL,
  `deleted_at` timestamp NULL DEFAULT NULL,
  PRIMARY KEY (`id`),
  KEY `country_metadata_country_id_foreign` (`country_id`),
  CONSTRAINT `country_metadata_country_id_foreign` FOREIGN KEY (`country_id`) REFERENCES `countries` (`id`) ON DELETE CASCADE
) ENGINE=InnoDB AUTO_INCREMENT=570 DEFAULT CHARSET=utf8mb4 COLLATE=utf8mb4_unicode_ci;

/*Data for the table `country_metadata` */

insert  into `country_metadata`(`id`,`country_id`,`meta_title`,`meta_description`,`created_at`,`updated_at`,`deleted_at`) values 
(375,375,'Afghanistan','','2022-05-02 07:04:40','2022-05-02 07:04:40',NULL),
(376,376,'Albania','','2022-05-02 07:04:40','2022-05-02 07:04:40',NULL),
(377,377,'Algeria','','2022-05-02 07:04:40','2022-05-02 07:04:40',NULL),
(378,378,'Andorra','','2022-05-02 07:04:40','2022-05-02 07:04:40',NULL),
(379,379,'Angola','','2022-05-02 07:04:40','2022-05-02 07:04:40',NULL),
(380,380,'Antigua and Barbuda','','2022-05-02 07:04:40','2022-05-02 07:04:40',NULL),
(381,381,'Argentina','','2022-05-02 07:04:40','2022-05-02 07:04:40',NULL),
(382,382,'Armenia','','2022-05-02 07:04:40','2022-05-02 07:04:40',NULL),
(383,383,'Australia','','2022-05-02 07:04:40','2022-05-02 07:04:40',NULL),
(384,384,'Austria','','2022-05-02 07:04:40','2022-05-02 07:04:40',NULL),
(385,385,'Azerbaijan','','2022-05-02 07:04:40','2022-05-02 07:04:40',NULL),
(386,386,'Bahamas','','2022-05-02 07:04:40','2022-05-02 07:04:40',NULL),
(387,387,'Bahrain','','2022-05-02 07:04:40','2022-05-02 07:04:40',NULL),
(388,388,'Bangladesh','','2022-05-02 07:04:40','2022-05-02 07:04:40',NULL),
(389,389,'Barbados','','2022-05-02 07:04:40','2022-05-02 07:04:40',NULL),
(390,390,'Belarus','','2022-05-02 07:04:40','2022-05-02 07:04:40',NULL),
(391,391,'Belgium','','2022-05-02 07:04:40','2022-05-02 07:04:40',NULL),
(392,392,'Belize','','2022-05-02 07:04:40','2022-05-02 07:04:40',NULL),
(393,393,'Benin','','2022-05-02 07:04:40','2022-05-02 07:04:40',NULL),
(394,394,'Bhutan','','2022-05-02 07:04:40','2022-05-02 07:04:40',NULL),
(395,395,'Bolivia','','2022-05-02 07:04:40','2022-05-02 07:04:40',NULL),
(396,396,'Bosnia and Herzegovina','','2022-05-02 07:04:41','2022-05-02 07:04:41',NULL),
(397,397,'Botswana','','2022-05-02 07:04:41','2022-05-02 07:04:41',NULL),
(398,398,'Brazil','','2022-05-02 07:04:41','2022-05-02 07:04:41',NULL),
(399,399,'Brunei Darussalam','','2022-05-02 07:04:41','2022-05-02 07:04:41',NULL),
(400,400,'Bulgaria','','2022-05-02 07:04:41','2022-05-02 07:04:41',NULL),
(401,401,'Burkina Faso','','2022-05-02 07:04:41','2022-05-02 07:04:41',NULL),
(402,402,'Burundi','','2022-05-02 07:04:41','2022-05-02 07:04:41',NULL),
(403,403,'Cabo Verde','','2022-05-02 07:04:41','2022-05-02 07:04:41',NULL),
(404,404,'Cambodia','','2022-05-02 07:04:41','2022-05-02 07:04:41',NULL),
(405,405,'Cameroon','','2022-05-02 07:04:41','2022-05-02 07:04:41',NULL),
(406,406,'Canada','','2022-05-02 07:04:41','2022-05-02 07:04:41',NULL),
(407,407,'Central African Republic','','2022-05-02 07:04:41','2022-05-02 07:04:41',NULL),
(408,408,'Chad','','2022-05-02 07:04:41','2022-05-02 07:04:41',NULL),
(409,409,'Chile','','2022-05-02 07:04:41','2022-05-02 07:04:41',NULL),
(410,410,'China','','2022-05-02 07:04:41','2022-05-02 07:04:41',NULL),
(411,411,'Colombia','','2022-05-02 07:04:41','2022-05-02 07:04:41',NULL),
(412,412,'Comoros','','2022-05-02 07:04:41','2022-05-02 07:04:41',NULL),
(413,413,'Congo','','2022-05-02 07:04:41','2022-05-02 07:04:41',NULL),
(414,414,'Cook Islands','','2022-05-02 07:04:41','2022-05-02 07:04:41',NULL),
(415,415,'Costa Rica','','2022-05-02 07:04:41','2022-05-02 07:04:41',NULL),
(416,416,'Côte d\'Ivoire','','2022-05-02 07:04:41','2022-05-02 07:04:41',NULL),
(417,417,'Croatia','','2022-05-02 07:04:41','2022-05-02 07:04:41',NULL),
(418,418,'Cuba','','2022-05-02 07:04:41','2022-05-02 07:04:41',NULL),
(419,419,'Cyprus','','2022-05-02 07:04:41','2022-05-02 07:04:41',NULL),
(420,420,'Czech Republic','','2022-05-02 07:04:41','2022-05-02 07:04:41',NULL),
(421,421,'Democratic People\'s Republic of Korea','','2022-05-02 07:04:41','2022-05-02 07:04:41',NULL),
(422,422,'Democratic Republic of the Congo','','2022-05-02 07:04:41','2022-05-02 07:04:41',NULL),
(423,423,'Denmark','','2022-05-02 07:04:41','2022-05-02 07:04:41',NULL),
(424,424,'Djibouti','','2022-05-02 07:04:41','2022-05-02 07:04:41',NULL),
(425,425,'Dominica','','2022-05-02 07:04:41','2022-05-02 07:04:41',NULL),
(426,426,'Dominican Republic','','2022-05-02 07:04:41','2022-05-02 07:04:41',NULL),
(427,427,'Ecuador','','2022-05-02 07:04:41','2022-05-02 07:04:41',NULL),
(428,428,'Egypt','','2022-05-02 07:04:41','2022-05-02 07:04:41',NULL),
(429,429,'El Salvador','','2022-05-02 07:04:41','2022-05-02 07:04:41',NULL),
(430,430,'Equatorial Guinea','','2022-05-02 07:04:41','2022-05-02 07:04:41',NULL),
(431,431,'Eritrea','','2022-05-02 07:04:41','2022-05-02 07:04:41',NULL),
(432,432,'Estonia','','2022-05-02 07:04:41','2022-05-02 07:04:41',NULL),
(433,433,'Eswatini','','2022-05-02 07:04:41','2022-05-02 07:04:41',NULL),
(434,434,'Ethiopia','','2022-05-02 07:04:41','2022-05-02 07:04:41',NULL),
(435,435,'Fiji','','2022-05-02 07:04:41','2022-05-02 07:04:41',NULL),
(436,436,'Finland','','2022-05-02 07:04:41','2022-05-02 07:04:41',NULL),
(437,437,'France','','2022-05-02 07:04:41','2022-05-02 07:04:41',NULL),
(438,438,'Gabon','','2022-05-02 07:04:41','2022-05-02 07:04:41',NULL),
(439,439,'Gambia','','2022-05-02 07:04:41','2022-05-02 07:04:41',NULL),
(440,440,'Georgia','','2022-05-02 07:04:41','2022-05-02 07:04:41',NULL),
(441,441,'Germany','','2022-05-02 07:04:41','2022-05-02 07:04:41',NULL),
(442,442,'Ghana','','2022-05-02 07:04:41','2022-05-02 07:04:41',NULL),
(443,443,'Greece','','2022-05-02 07:04:41','2022-05-02 07:04:41',NULL),
(444,444,'Grenada','','2022-05-02 07:04:41','2022-05-02 07:04:41',NULL),
(445,445,'Guatemala','','2022-05-02 07:04:41','2022-05-02 07:04:41',NULL),
(446,446,'Guinea','','2022-05-02 07:04:41','2022-05-02 07:04:41',NULL),
(447,447,'Guinea-Bissau','','2022-05-02 07:04:41','2022-05-02 07:04:41',NULL),
(448,448,'Guyana','','2022-05-02 07:04:41','2022-05-02 07:04:41',NULL),
(449,449,'Haiti','','2022-05-02 07:04:41','2022-05-02 07:04:41',NULL),
(450,450,'Honduras','','2022-05-02 07:04:41','2022-05-02 07:04:41',NULL),
(451,451,'Hungary','','2022-05-02 07:04:41','2022-05-02 07:04:41',NULL),
(452,452,'Iceland','','2022-05-02 07:04:41','2022-05-02 07:04:41',NULL),
(453,453,'India','','2022-05-02 07:04:41','2022-05-02 07:04:41',NULL),
(454,454,'Indonesia','','2022-05-02 07:04:41','2022-05-02 07:04:41',NULL),
(455,455,'Iran, Islamic Republic','','2022-05-02 07:04:41','2022-05-02 07:04:41',NULL),
(456,456,'Iraq','','2022-05-02 07:04:41','2022-05-02 07:04:41',NULL),
(457,457,'Ireland','','2022-05-02 07:04:41','2022-05-02 07:04:41',NULL),
(458,458,'Israel','','2022-05-02 07:04:41','2022-05-02 07:04:41',NULL),
(459,459,'Italy','','2022-05-02 07:04:41','2022-05-02 07:04:41',NULL),
(460,460,'Jamaica','','2022-05-02 07:04:41','2022-05-02 07:04:41',NULL),
(461,461,'Japan','','2022-05-02 07:04:41','2022-05-02 07:04:41',NULL),
(462,462,'Jordan','','2022-05-02 07:04:41','2022-05-02 07:04:41',NULL),
(463,463,'Kazakhstan','','2022-05-02 07:04:41','2022-05-02 07:04:41',NULL),
(464,464,'Kenya','','2022-05-02 07:04:41','2022-05-02 07:04:41',NULL),
(465,465,'Kiribati','','2022-05-02 07:04:41','2022-05-02 07:04:41',NULL),
(466,466,'Korea, Rep','','2022-05-02 07:04:41','2022-05-02 07:04:41',NULL),
(467,467,'Kuwait','','2022-05-02 07:04:41','2022-05-02 07:04:41',NULL),
(468,468,'Kyrgyzstan','','2022-05-02 07:04:41','2022-05-02 07:04:41',NULL),
(469,469,'Lao PDR','','2022-05-02 07:04:41','2022-05-02 07:04:41',NULL),
(470,470,'Latvia','','2022-05-02 07:04:41','2022-05-02 07:04:41',NULL),
(471,471,'Lebanon','','2022-05-02 07:04:41','2022-05-02 07:04:41',NULL),
(472,472,'Lesotho','','2022-05-02 07:04:41','2022-05-02 07:04:41',NULL),
(473,473,'Liberia','','2022-05-02 07:04:41','2022-05-02 07:04:41',NULL),
(474,474,'Libya','','2022-05-02 07:04:41','2022-05-02 07:04:41',NULL),
(475,475,'Lithuania','','2022-05-02 07:04:41','2022-05-02 07:04:41',NULL),
(476,476,'Luxembourg','','2022-05-02 07:04:41','2022-05-02 07:04:41',NULL),
(477,477,'Madagascar','','2022-05-02 07:04:41','2022-05-02 07:04:41',NULL),
(478,478,'Malawi','','2022-05-02 07:04:41','2022-05-02 07:04:41',NULL),
(479,479,'Malaysia','','2022-05-02 07:04:41','2022-05-02 07:04:41',NULL),
(480,480,'Maldives','','2022-05-02 07:04:41','2022-05-02 07:04:41',NULL),
(481,481,'Mali','','2022-05-02 07:04:41','2022-05-02 07:04:41',NULL),
(482,482,'Malta','','2022-05-02 07:04:41','2022-05-02 07:04:41',NULL),
(483,483,'Marshall Islands','','2022-05-02 07:04:41','2022-05-02 07:04:41',NULL),
(484,484,'Mauritania','','2022-05-02 07:04:41','2022-05-02 07:04:41',NULL),
(485,485,'Mauritius','','2022-05-02 07:04:41','2022-05-02 07:04:41',NULL),
(486,486,'Mexico','','2022-05-02 07:04:41','2022-05-02 07:04:41',NULL),
(487,487,'Micronesia (Federated States of)','','2022-05-02 07:04:41','2022-05-02 07:04:41',NULL),
(488,488,'Monaco','','2022-05-02 07:04:41','2022-05-02 07:04:41',NULL),
(489,489,'Mongolia','','2022-05-02 07:04:41','2022-05-02 07:04:41',NULL),
(490,490,'Montenegro','','2022-05-02 07:04:41','2022-05-02 07:04:41',NULL),
(491,491,'Morocco','','2022-05-02 07:04:41','2022-05-02 07:04:41',NULL),
(492,492,'Mozambique','','2022-05-02 07:04:41','2022-05-02 07:04:41',NULL),
(493,493,'Myanmar','','2022-05-02 07:04:41','2022-05-02 07:04:41',NULL),
(494,494,'Namibia','','2022-05-02 07:04:41','2022-05-02 07:04:41',NULL),
(495,495,'Nauru','','2022-05-02 07:04:41','2022-05-02 07:04:41',NULL),
(496,496,'Nepal','','2022-05-02 07:04:41','2022-05-02 07:04:41',NULL),
(497,497,'New Zealand','','2022-05-02 07:04:41','2022-05-02 07:04:41',NULL),
(498,498,'Nicaragua','','2022-05-02 07:04:41','2022-05-02 07:04:41',NULL),
(499,499,'Niger','','2022-05-02 07:04:41','2022-05-02 07:04:41',NULL),
(500,500,'Nigeria','','2022-05-02 07:04:41','2022-05-02 07:04:41',NULL),
(501,501,'Niue','','2022-05-02 07:04:41','2022-05-02 07:04:41',NULL),
(502,502,'North Macedonia','','2022-05-02 07:04:41','2022-05-02 07:04:41',NULL),
(503,503,'Norway','','2022-05-02 07:04:41','2022-05-02 07:04:41',NULL),
(504,504,'Occupied Palestinian territory','','2022-05-02 07:04:41','2022-05-02 07:04:41',NULL),
(505,505,'Oman','','2022-05-02 07:04:41','2022-05-02 07:04:41',NULL),
(506,506,'Pakistan','','2022-05-02 07:04:41','2022-05-02 07:04:41',NULL),
(507,507,'Palau','','2022-05-02 07:04:41','2022-05-02 07:04:41',NULL),
(508,508,'Panama','','2022-05-02 07:04:41','2022-05-02 07:04:41',NULL),
(509,509,'Papua New Guinea','','2022-05-02 07:04:41','2022-05-02 07:04:41',NULL),
(510,510,'Paraguay','','2022-05-02 07:04:41','2022-05-02 07:04:41',NULL),
(511,511,'Peru','','2022-05-02 07:04:41','2022-05-02 07:04:41',NULL),
(512,512,'Philippines','','2022-05-02 07:04:41','2022-05-02 07:04:41',NULL),
(513,513,'Poland','','2022-05-02 07:04:41','2022-05-02 07:04:41',NULL),
(514,514,'Portugal','','2022-05-02 07:04:41','2022-05-02 07:04:41',NULL),
(515,515,'Qatar','','2022-05-02 07:04:41','2022-05-02 07:04:41',NULL),
(516,516,'Republic of Moldova','','2022-05-02 07:04:41','2022-05-02 07:04:41',NULL),
(517,517,'Romania','','2022-05-02 07:04:41','2022-05-02 07:04:41',NULL),
(518,518,'Russian Federation','','2022-05-02 07:04:41','2022-05-02 07:04:41',NULL),
(519,519,'Rwanda','','2022-05-02 07:04:41','2022-05-02 07:04:41',NULL),
(520,520,'Saint Kitts and Nevis','','2022-05-02 07:04:41','2022-05-02 07:04:41',NULL),
(521,521,'Saint Lucia','','2022-05-02 07:04:41','2022-05-02 07:04:41',NULL),
(522,522,'Saint Vincent and the Grenadines','','2022-05-02 07:04:41','2022-05-02 07:04:41',NULL),
(523,523,'Samoa','','2022-05-02 07:04:41','2022-05-02 07:04:41',NULL),
(524,524,'San Marino','','2022-05-02 07:04:41','2022-05-02 07:04:41',NULL),
(525,525,'Sao Tome and Principe','','2022-05-02 07:04:41','2022-05-02 07:04:41',NULL),
(526,526,'Saudi Arabia','','2022-05-02 07:04:41','2022-05-02 07:04:41',NULL),
(527,527,'Senegal','','2022-05-02 07:04:41','2022-05-02 07:04:41',NULL),
(528,528,'Serbia','','2022-05-02 07:04:41','2022-05-02 07:04:41',NULL),
(529,529,'Seychelles','','2022-05-02 07:04:41','2022-05-02 07:04:41',NULL),
(530,530,'Sierra Leone','','2022-05-02 07:04:41','2022-05-02 07:04:41',NULL),
(531,531,'Singapore','','2022-05-02 07:04:41','2022-05-02 07:04:41',NULL),
(532,532,'Slovakia','','2022-05-02 07:04:41','2022-05-02 07:04:41',NULL),
(533,533,'Slovenia','','2022-05-02 07:04:41','2022-05-02 07:04:41',NULL),
(534,534,'Solomon Islands','','2022-05-02 07:04:41','2022-05-02 07:04:41',NULL),
(535,535,'Somalia','','2022-05-02 07:04:41','2022-05-02 07:04:41',NULL),
(536,536,'South Africa','','2022-05-02 07:04:41','2022-05-02 07:04:41',NULL),
(537,537,'South Sudan','','2022-05-02 07:04:41','2022-05-02 07:04:41',NULL),
(538,538,'Spain','','2022-05-02 07:04:41','2022-05-02 07:04:41',NULL),
(539,539,'Sri Lanka','','2022-05-02 07:04:41','2022-05-02 07:04:41',NULL),
(540,540,'Sudan','','2022-05-02 07:04:41','2022-05-02 07:04:41',NULL),
(541,541,'Suriname','','2022-05-02 07:04:41','2022-05-02 07:04:41',NULL),
(542,542,'Sweden','','2022-05-02 07:04:41','2022-05-02 07:04:41',NULL),
(543,543,'Switzerland','','2022-05-02 07:04:41','2022-05-02 07:04:41',NULL),
(544,544,'Syrian Arab Republic','','2022-05-02 07:04:41','2022-05-02 07:04:41',NULL),
(545,545,'Tajikistan','','2022-05-02 07:04:41','2022-05-02 07:04:41',NULL),
(546,546,'Tanzania','','2022-05-02 07:04:41','2022-05-02 07:04:41',NULL),
(547,547,'Thailand','','2022-05-02 07:04:41','2022-05-02 07:04:41',NULL),
(548,548,'The Netherlands','','2022-05-02 07:04:41','2022-05-02 07:04:41',NULL),
(549,549,'Timor-Leste','','2022-05-02 07:04:41','2022-05-02 07:04:41',NULL),
(550,550,'Togo','','2022-05-02 07:04:42','2022-05-02 07:04:42',NULL),
(551,551,'Tonga','','2022-05-02 07:04:42','2022-05-02 07:04:42',NULL),
(552,552,'Trinidad and Tobago','','2022-05-02 07:04:42','2022-05-02 07:04:42',NULL),
(553,553,'Tunisia','','2022-05-02 07:04:42','2022-05-02 07:04:42',NULL),
(554,554,'Turkey','','2022-05-02 07:04:42','2022-05-02 07:04:42',NULL),
(555,555,'Turkmenistan','','2022-05-02 07:04:42','2022-05-02 07:04:42',NULL),
(556,556,'Tuvalu','','2022-05-02 07:04:42','2022-05-02 07:04:42',NULL),
(557,557,'U.S.A.','','2022-05-02 07:04:42','2022-05-02 07:04:42',NULL),
(558,558,'Uganda','','2022-05-02 07:04:42','2022-05-02 07:04:42',NULL),
(559,559,'Ukraine','','2022-05-02 07:04:42','2022-05-02 07:04:42',NULL),
(560,560,'United Arab Emirates','','2022-05-02 07:04:42','2022-05-02 07:04:42',NULL),
(561,561,'United Kingdom','','2022-05-02 07:04:42','2022-05-02 07:04:42',NULL),
(562,562,'Uruguay','','2022-05-02 07:04:42','2022-05-02 07:04:42',NULL),
(563,563,'Uzbekistan','','2022-05-02 07:04:42','2022-05-02 07:04:42',NULL),
(564,564,'Vanuatu','','2022-05-02 07:04:42','2022-05-02 07:04:42',NULL),
(565,565,'Venezuela','','2022-05-02 07:04:42','2022-05-02 07:04:42',NULL),
(566,566,'Vietnam','','2022-05-02 07:04:42','2022-05-02 07:04:42',NULL),
(567,567,'Yemen','','2022-05-02 07:04:42','2022-05-02 07:04:42',NULL),
(568,568,'Zambia','','2022-05-02 07:04:42','2022-05-02 07:04:42',NULL),
(569,569,'Zimbabwe','','2022-05-02 07:04:42','2022-05-02 07:04:42',NULL);

/*Table structure for table `country_references` */

DROP TABLE IF EXISTS `country_references`;

CREATE TABLE `country_references` (
  `id` bigint(20) unsigned NOT NULL AUTO_INCREMENT,
  `country_id` bigint(20) unsigned NOT NULL,
  `content` text COLLATE utf8mb4_unicode_ci NOT NULL,
  `sequence` varchar(191) COLLATE utf8mb4_unicode_ci DEFAULT NULL,
  `created_at` timestamp NULL DEFAULT NULL,
  `updated_at` timestamp NULL DEFAULT NULL,
  `deleted_at` timestamp NULL DEFAULT NULL,
  PRIMARY KEY (`id`),
  KEY `country_references_country_id_foreign` (`country_id`),
  CONSTRAINT `country_references_country_id_foreign` FOREIGN KEY (`country_id`) REFERENCES `countries` (`id`) ON DELETE CASCADE
) ENGINE=InnoDB DEFAULT CHARSET=utf8mb4 COLLATE=utf8mb4_unicode_ci;

/*Data for the table `country_references` */

/*Table structure for table `currency_rates` */

DROP TABLE IF EXISTS `currency_rates`;

CREATE TABLE `currency_rates` (
  `id` bigint(20) unsigned NOT NULL AUTO_INCREMENT,
  `name` varchar(191) COLLATE utf8mb4_unicode_ci NOT NULL,
  `amount` decimal(20,2) NOT NULL,
  `created_at` timestamp NULL DEFAULT NULL,
  `updated_at` timestamp NULL DEFAULT NULL,
  `deleted_at` timestamp NULL DEFAULT NULL,
  PRIMARY KEY (`id`)
) ENGINE=InnoDB AUTO_INCREMENT=165 DEFAULT CHARSET=utf8mb4 COLLATE=utf8mb4_unicode_ci;

/*Data for the table `currency_rates` */

insert  into `currency_rates`(`id`,`name`,`amount`,`created_at`,`updated_at`,`deleted_at`) values 
(1,'USD',1.00,'2022-05-02 06:37:36','2022-05-02 06:41:57',NULL),
(2,'AED',3.67,'2022-05-02 06:37:36','2022-05-02 06:41:57',NULL),
(3,'AFN',86.10,'2022-05-02 06:37:37','2022-05-02 06:41:57',NULL),
(4,'ALL',115.30,'2022-05-02 06:37:37','2022-05-02 06:41:57',NULL),
(5,'AMD',452.31,'2022-05-02 06:37:37','2022-05-02 06:41:57',NULL),
(6,'ANG',1.79,'2022-05-02 06:37:37','2022-05-02 06:37:37',NULL),
(7,'AOA',403.47,'2022-05-02 06:37:37','2022-05-02 06:41:57',NULL),
(8,'ARS',115.37,'2022-05-02 06:37:37','2022-05-02 06:41:57',NULL),
(9,'AUD',1.41,'2022-05-02 06:37:37','2022-05-02 06:41:57',NULL),
(10,'AWG',1.79,'2022-05-02 06:37:37','2022-05-02 06:37:37',NULL),
(11,'AZN',1.70,'2022-05-02 06:37:37','2022-05-02 06:41:57',NULL),
(12,'BAM',1.85,'2022-05-02 06:37:37','2022-05-02 06:41:57',NULL),
(13,'BBD',2.00,'2022-05-02 06:37:37','2022-05-02 06:41:57',NULL),
(14,'BDT',86.35,'2022-05-02 06:37:37','2022-05-02 06:41:57',NULL),
(15,'BGN',1.85,'2022-05-02 06:37:37','2022-05-02 06:41:57',NULL),
(16,'BHD',0.38,'2022-05-02 06:37:37','2022-05-02 06:41:57',NULL),
(17,'BIF',2019.11,'2022-05-02 06:37:37','2022-05-02 06:41:57',NULL),
(18,'BMD',1.00,'2022-05-02 06:37:37','2022-05-02 06:41:57',NULL),
(19,'BND',1.38,'2022-05-02 06:37:37','2022-05-02 06:41:57',NULL),
(20,'BOB',6.88,'2022-05-02 06:37:37','2022-05-02 06:41:57',NULL),
(21,'BRL',4.92,'2022-05-02 06:37:37','2022-05-02 06:41:57',NULL),
(22,'BSD',1.00,'2022-05-02 06:37:37','2022-05-02 06:41:57',NULL),
(23,'BTN',76.61,'2022-05-02 06:37:37','2022-05-02 06:41:57',NULL),
(24,'BWP',12.16,'2022-05-02 06:37:37','2022-05-02 06:41:57',NULL),
(25,'BYN',3.16,'2022-05-02 06:37:37','2022-05-02 06:41:57',NULL),
(26,'BZD',2.00,'2022-05-02 06:37:37','2022-05-02 06:41:57',NULL),
(27,'CAD',1.28,'2022-05-02 06:37:37','2022-05-02 06:41:57',NULL),
(28,'CDF',1995.10,'2022-05-02 06:37:37','2022-05-02 06:41:57',NULL),
(29,'CHF',0.97,'2022-05-02 06:37:37','2022-05-02 06:41:57',NULL),
(30,'CLP',859.63,'2022-05-02 06:37:37','2022-05-02 06:41:58',NULL),
(31,'CNY',6.64,'2022-05-02 06:37:37','2022-05-02 06:41:58',NULL),
(32,'COP',3970.05,'2022-05-02 06:37:37','2022-05-02 06:41:58',NULL),
(33,'CRC',664.11,'2022-05-02 06:37:37','2022-05-02 06:41:58',NULL),
(34,'CUP',24.00,'2022-05-02 06:37:37','2022-05-02 06:41:58',NULL),
(35,'CVE',104.57,'2022-05-02 06:37:37','2022-05-02 06:41:58',NULL),
(36,'CZK',23.33,'2022-05-02 06:37:37','2022-05-02 06:41:58',NULL),
(37,'DJF',177.72,'2022-05-02 06:37:37','2022-05-02 06:41:58',NULL),
(38,'DKK',7.07,'2022-05-02 06:37:37','2022-05-02 06:41:58',NULL),
(39,'DOP',55.08,'2022-05-02 06:37:37','2022-05-02 06:41:58',NULL),
(40,'DZD',145.05,'2022-05-02 06:37:37','2022-05-02 06:41:58',NULL),
(41,'EGP',18.54,'2022-05-02 06:37:37','2022-05-02 06:41:58',NULL),
(42,'ERN',15.00,'2022-05-02 06:37:37','2022-05-02 06:41:58',NULL),
(43,'ETB',51.48,'2022-05-02 06:37:37','2022-05-02 06:41:58',NULL),
(44,'EUR',0.95,'2022-05-02 06:37:37','2022-05-02 06:41:58',NULL),
(45,'FJD',2.15,'2022-05-02 06:37:37','2022-05-02 06:41:58',NULL),
(46,'FKP',0.80,'2022-05-02 06:37:37','2022-05-02 06:41:58',NULL),
(47,'FOK',7.07,'2022-05-02 06:37:37','2022-05-02 06:41:58',NULL),
(48,'GBP',0.80,'2022-05-02 06:37:37','2022-05-02 06:41:58',NULL),
(49,'GEL',3.05,'2022-05-02 06:37:37','2022-05-02 06:41:58',NULL),
(50,'GGP',0.80,'2022-05-02 06:37:37','2022-05-02 06:41:58',NULL),
(51,'GHS',7.69,'2022-05-02 06:37:37','2022-05-02 06:41:58',NULL),
(52,'GIP',0.80,'2022-05-02 06:37:37','2022-05-02 06:41:58',NULL),
(53,'GMD',53.74,'2022-05-02 06:37:37','2022-05-02 06:41:58',NULL),
(54,'GNF',8830.59,'2022-05-02 06:37:37','2022-05-02 06:41:58',NULL),
(55,'GTQ',7.67,'2022-05-02 06:37:37','2022-05-02 06:41:58',NULL),
(56,'GYD',208.03,'2022-05-02 06:37:37','2022-05-02 06:41:58',NULL),
(57,'HKD',7.85,'2022-05-02 06:37:37','2022-05-02 06:41:58',NULL),
(58,'HNL',24.56,'2022-05-02 06:37:37','2022-05-02 06:41:58',NULL),
(59,'HRK',7.15,'2022-05-02 06:37:37','2022-05-02 06:41:58',NULL),
(60,'HTG',107.99,'2022-05-02 06:37:37','2022-05-02 06:41:58',NULL),
(61,'HUF',358.87,'2022-05-02 06:37:37','2022-05-02 06:41:58',NULL),
(62,'IDR',14561.08,'2022-05-02 06:37:37','2022-05-02 06:41:58',NULL),
(63,'ILS',3.35,'2022-05-02 06:37:37','2022-05-02 06:41:58',NULL),
(64,'IMP',0.80,'2022-05-02 06:37:37','2022-05-02 06:41:58',NULL),
(65,'INR',76.61,'2022-05-02 06:37:37','2022-05-02 06:41:58',NULL),
(66,'IQD',1451.40,'2022-05-02 06:37:37','2022-05-02 06:41:58',NULL),
(67,'IRR',41907.42,'2022-05-02 06:37:37','2022-05-02 06:41:58',NULL),
(68,'ISK',130.59,'2022-05-02 06:37:37','2022-05-02 06:41:58',NULL),
(69,'JEP',0.80,'2022-05-02 06:37:37','2022-05-02 06:41:58',NULL),
(70,'JMD',154.84,'2022-05-02 06:37:37','2022-05-02 06:41:58',NULL),
(71,'JOD',0.71,'2022-05-02 06:37:37','2022-05-02 06:41:58',NULL),
(72,'JPY',130.16,'2022-05-02 06:37:37','2022-05-02 06:41:58',NULL),
(73,'KES',115.86,'2022-05-02 06:37:37','2022-05-02 06:41:58',NULL),
(74,'KGS',83.62,'2022-05-02 06:37:37','2022-05-02 06:41:58',NULL),
(75,'KHR',4020.50,'2022-05-02 06:37:37','2022-05-02 06:41:58',NULL),
(76,'KID',1.41,'2022-05-02 06:37:37','2022-05-02 06:41:58',NULL),
(77,'KMF',466.55,'2022-05-02 06:37:37','2022-05-02 06:41:58',NULL),
(78,'KRW',1264.18,'2022-05-02 06:37:37','2022-05-02 06:41:58',NULL),
(79,'KWD',0.30,'2022-05-02 06:37:37','2022-05-02 06:41:58',NULL),
(80,'KYD',0.83,'2022-05-02 06:37:37','2022-05-02 06:41:58',NULL),
(81,'KZT',444.72,'2022-05-02 06:37:37','2022-05-02 06:41:58',NULL),
(82,'LAK',13502.37,'2022-05-02 06:37:37','2022-05-02 06:41:58',NULL),
(83,'LBP',1507.50,'2022-05-02 06:37:37','2022-05-02 06:41:58',NULL),
(84,'LKR',350.76,'2022-05-02 06:37:37','2022-05-02 06:41:58',NULL),
(85,'LRD',152.25,'2022-05-02 06:37:37','2022-05-02 06:41:58',NULL),
(86,'LSL',15.76,'2022-05-02 06:37:37','2022-05-02 06:41:58',NULL),
(87,'LYD',4.72,'2022-05-02 06:37:37','2022-05-02 06:41:58',NULL),
(88,'MAD',9.90,'2022-05-02 06:37:37','2022-05-02 06:41:58',NULL),
(89,'MDL',18.58,'2022-05-02 06:37:37','2022-05-02 06:41:58',NULL),
(90,'MGA',3995.17,'2022-05-02 06:37:37','2022-05-02 06:41:58',NULL),
(91,'MKD',58.28,'2022-05-02 06:37:37','2022-05-02 06:41:58',NULL),
(92,'MMK',1849.85,'2022-05-02 06:37:37','2022-05-02 06:41:58',NULL),
(93,'MNT',3068.57,'2022-05-02 06:37:37','2022-05-02 06:41:58',NULL),
(94,'MOP',8.09,'2022-05-02 06:37:37','2022-05-02 06:41:58',NULL),
(95,'MRU',36.24,'2022-05-02 06:37:37','2022-05-02 06:41:58',NULL),
(96,'MUR',43.04,'2022-05-02 06:37:37','2022-05-02 06:41:58',NULL),
(97,'MVR',15.39,'2022-05-02 06:37:37','2022-05-02 06:41:58',NULL),
(98,'MWK',817.83,'2022-05-02 06:37:37','2022-05-02 06:41:58',NULL),
(99,'MXN',20.44,'2022-05-02 06:37:37','2022-05-02 06:41:58',NULL),
(100,'MYR',4.35,'2022-05-02 06:37:37','2022-05-02 06:41:58',NULL),
(101,'MZN',64.67,'2022-05-02 06:37:37','2022-05-02 06:41:58',NULL),
(102,'NAD',15.76,'2022-05-02 06:37:37','2022-05-02 06:41:58',NULL),
(103,'NGN',415.63,'2022-05-02 06:37:37','2022-05-02 06:41:58',NULL),
(104,'NIO',35.84,'2022-05-02 06:37:37','2022-05-02 06:41:58',NULL),
(105,'NOK',9.37,'2022-05-02 06:37:37','2022-05-02 06:41:58',NULL),
(106,'NPR',122.57,'2022-05-02 06:37:37','2022-05-02 06:41:58',NULL),
(107,'NZD',1.55,'2022-05-02 06:37:37','2022-05-02 06:41:58',NULL),
(108,'OMR',0.38,'2022-05-02 06:37:37','2022-05-02 06:41:58',NULL),
(109,'PAB',1.00,'2022-05-02 06:37:37','2022-05-02 06:41:58',NULL),
(110,'PEN',3.85,'2022-05-02 06:37:37','2022-05-02 06:41:58',NULL),
(111,'PGK',3.53,'2022-05-02 06:37:37','2022-05-02 06:41:58',NULL),
(112,'PHP',52.48,'2022-05-02 06:37:37','2022-05-02 06:41:58',NULL),
(113,'PKR',186.03,'2022-05-02 06:37:37','2022-05-02 06:41:58',NULL),
(114,'PLN',4.43,'2022-05-02 06:37:37','2022-05-02 06:41:58',NULL),
(115,'PYG',6803.72,'2022-05-02 06:37:37','2022-05-02 06:41:58',NULL),
(116,'QAR',3.64,'2022-05-02 06:37:37','2022-05-02 06:37:37',NULL),
(117,'RON',4.67,'2022-05-02 06:37:37','2022-05-02 06:41:58',NULL),
(118,'RSD',111.49,'2022-05-02 06:37:37','2022-05-02 06:41:58',NULL),
(119,'RUB',71.07,'2022-05-02 06:37:37','2022-05-02 06:41:58',NULL),
(120,'RWF',1045.44,'2022-05-02 06:37:37','2022-05-02 06:41:58',NULL),
(121,'SAR',3.75,'2022-05-02 06:37:37','2022-05-02 06:37:37',NULL),
(122,'SBD',7.90,'2022-05-02 06:37:37','2022-05-02 06:41:58',NULL),
(123,'SCR',12.83,'2022-05-02 06:37:37','2022-05-02 06:41:58',NULL),
(124,'SDG',445.26,'2022-05-02 06:37:37','2022-05-02 06:41:58',NULL),
(125,'SEK',9.81,'2022-05-02 06:37:37','2022-05-02 06:41:58',NULL),
(126,'SGD',1.38,'2022-05-02 06:37:37','2022-05-02 06:41:58',NULL),
(127,'SHP',0.80,'2022-05-02 06:37:37','2022-05-02 06:41:58',NULL),
(128,'SLL',12343.04,'2022-05-02 06:37:37','2022-05-02 06:41:58',NULL),
(129,'SOS',575.26,'2022-05-02 06:37:37','2022-05-02 06:41:58',NULL),
(130,'SRD',20.64,'2022-05-02 06:37:37','2022-05-02 06:41:58',NULL),
(131,'SSP',425.36,'2022-05-02 06:37:37','2022-05-02 06:41:58',NULL),
(132,'STN',23.23,'2022-05-02 06:37:37','2022-05-02 06:41:58',NULL),
(133,'SYP',2512.79,'2022-05-02 06:37:37','2022-05-02 06:41:58',NULL),
(134,'SZL',15.76,'2022-05-02 06:37:37','2022-05-02 06:41:58',NULL),
(135,'THB',34.34,'2022-05-02 06:37:37','2022-05-02 06:41:58',NULL),
(136,'TJS',12.46,'2022-05-02 06:37:37','2022-05-02 06:41:58',NULL),
(137,'TMT',3.50,'2022-05-02 06:37:37','2022-05-02 06:41:58',NULL),
(138,'TND',3.00,'2022-05-02 06:37:37','2022-05-02 06:41:58',NULL),
(139,'TOP',2.28,'2022-05-02 06:37:37','2022-05-02 06:41:58',NULL),
(140,'TRY',14.87,'2022-05-02 06:37:37','2022-05-02 06:41:58',NULL),
(141,'TTD',6.79,'2022-05-02 06:37:37','2022-05-02 06:41:58',NULL),
(142,'TVD',1.41,'2022-05-02 06:37:37','2022-05-02 06:41:58',NULL),
(143,'TWD',29.39,'2022-05-02 06:37:37','2022-05-02 06:41:58',NULL),
(144,'TZS',2319.80,'2022-05-02 06:37:37','2022-05-02 06:41:58',NULL),
(145,'UAH',29.80,'2022-05-02 06:37:37','2022-05-02 06:41:58',NULL),
(146,'UGX',3544.42,'2022-05-02 06:37:37','2022-05-02 06:41:58',NULL),
(147,'UYU',41.41,'2022-05-02 06:37:37','2022-05-02 06:41:58',NULL),
(148,'UZS',11125.14,'2022-05-02 06:37:37','2022-05-02 06:41:58',NULL),
(149,'VES',4.47,'2022-05-02 06:37:37','2022-05-02 06:41:58',NULL),
(150,'VND',22984.43,'2022-05-02 06:37:37','2022-05-02 06:41:58',NULL),
(151,'VUV',114.91,'2022-05-02 06:37:37','2022-05-02 06:41:58',NULL),
(152,'WST',2.57,'2022-05-02 06:37:37','2022-05-02 06:41:58',NULL),
(153,'XAF',622.07,'2022-05-02 06:37:37','2022-05-02 06:41:58',NULL),
(154,'XCD',2.70,'2022-05-02 06:37:37','2022-05-02 06:41:58',NULL),
(155,'XDR',0.74,'2022-05-02 06:37:37','2022-05-02 06:41:58',NULL),
(156,'XOF',622.07,'2022-05-02 06:37:37','2022-05-02 06:41:58',NULL),
(157,'XPF',113.17,'2022-05-02 06:37:37','2022-05-02 06:41:58',NULL),
(158,'YER',250.82,'2022-05-02 06:37:37','2022-05-02 06:41:58',NULL),
(159,'ZAR',15.76,'2022-05-02 06:37:37','2022-05-02 06:41:58',NULL),
(160,'ZMW',17.03,'2022-05-02 06:37:37','2022-05-02 06:41:58',NULL),
(161,'ZWL',159.00,'2022-05-02 06:37:37','2022-05-02 06:41:58',NULL),
(162,'KPW',1266.14,'2022-05-02 06:48:28','2022-05-02 06:48:28',NULL),
(163,'MRO',356.99,'2022-05-02 06:48:28','2022-05-02 06:48:28',NULL),
(164,'ZMK',17.06,'2022-05-02 06:48:28','2022-05-02 06:48:28',NULL);

/*Table structure for table `failed_jobs` */

DROP TABLE IF EXISTS `failed_jobs`;

CREATE TABLE `failed_jobs` (
  `id` bigint(20) unsigned NOT NULL AUTO_INCREMENT,
  `uuid` varchar(191) COLLATE utf8mb4_unicode_ci NOT NULL,
  `connection` text COLLATE utf8mb4_unicode_ci NOT NULL,
  `queue` text COLLATE utf8mb4_unicode_ci NOT NULL,
  `payload` longtext COLLATE utf8mb4_unicode_ci NOT NULL,
  `exception` longtext COLLATE utf8mb4_unicode_ci NOT NULL,
  `failed_at` timestamp NOT NULL DEFAULT CURRENT_TIMESTAMP,
  PRIMARY KEY (`id`),
  UNIQUE KEY `failed_jobs_uuid_unique` (`uuid`)
) ENGINE=InnoDB DEFAULT CHARSET=utf8mb4 COLLATE=utf8mb4_unicode_ci;

/*Data for the table `failed_jobs` */

/*Table structure for table `images` */

DROP TABLE IF EXISTS `images`;

CREATE TABLE `images` (
  `id` bigint(20) unsigned NOT NULL AUTO_INCREMENT,
  `parent_id` int(10) unsigned DEFAULT NULL,
  `model` varchar(191) COLLATE utf8mb4_unicode_ci DEFAULT NULL,
  `category` varchar(191) COLLATE utf8mb4_unicode_ci DEFAULT NULL,
  `title` varchar(191) COLLATE utf8mb4_unicode_ci DEFAULT NULL,
  `alt` varchar(191) COLLATE utf8mb4_unicode_ci DEFAULT NULL,
  `path` varchar(191) COLLATE utf8mb4_unicode_ci NOT NULL,
  `path_resized` varchar(191) COLLATE utf8mb4_unicode_ci NOT NULL,
  `file_name` varchar(191) COLLATE utf8mb4_unicode_ci DEFAULT NULL,
  `file_mode` enum('dark','light') COLLATE utf8mb4_unicode_ci DEFAULT NULL,
  `sequence` int(11) DEFAULT NULL,
  `from_import` tinyint(4) NOT NULL DEFAULT '0',
  `caption` longtext COLLATE utf8mb4_unicode_ci,
  `created_at` timestamp NULL DEFAULT NULL,
  `updated_at` timestamp NULL DEFAULT NULL,
  `deleted_at` timestamp NULL DEFAULT NULL,
  PRIMARY KEY (`id`)
) ENGINE=InnoDB DEFAULT CHARSET=utf8mb4 COLLATE=utf8mb4_unicode_ci;

/*Data for the table `images` */

/*Table structure for table `jobs` */

DROP TABLE IF EXISTS `jobs`;

CREATE TABLE `jobs` (
  `id` bigint(20) unsigned NOT NULL AUTO_INCREMENT,
  `queue` varchar(191) COLLATE utf8mb4_unicode_ci NOT NULL,
  `payload` longtext COLLATE utf8mb4_unicode_ci NOT NULL,
  `attempts` tinyint(3) unsigned NOT NULL,
  `reserved_at` int(10) unsigned DEFAULT NULL,
  `available_at` int(10) unsigned NOT NULL,
  `created_at` int(10) unsigned NOT NULL,
  PRIMARY KEY (`id`),
  KEY `jobs_queue_index` (`queue`)
) ENGINE=InnoDB DEFAULT CHARSET=utf8mb4 COLLATE=utf8mb4_unicode_ci;

/*Data for the table `jobs` */

/*Table structure for table `migrations` */

DROP TABLE IF EXISTS `migrations`;

CREATE TABLE `migrations` (
  `id` int(10) unsigned NOT NULL AUTO_INCREMENT,
  `migration` varchar(191) COLLATE utf8mb4_unicode_ci NOT NULL,
  `batch` int(11) NOT NULL,
  PRIMARY KEY (`id`)
) ENGINE=InnoDB AUTO_INCREMENT=21 DEFAULT CHARSET=utf8mb4 COLLATE=utf8mb4_unicode_ci;

/*Data for the table `migrations` */

insert  into `migrations`(`id`,`migration`,`batch`) values 
(1,'2014_10_12_000000_create_users_table',1),
(2,'2014_10_12_100000_create_password_resets_table',1),
(3,'2016_06_01_000001_create_oauth_auth_codes_table',1),
(4,'2016_06_01_000002_create_oauth_access_tokens_table',1),
(5,'2016_06_01_000003_create_oauth_refresh_tokens_table',1),
(6,'2016_06_01_000004_create_oauth_clients_table',1),
(7,'2016_06_01_000005_create_oauth_personal_access_clients_table',1),
(8,'2019_08_19_000000_create_failed_jobs_table',1),
(9,'2019_12_14_000001_create_personal_access_tokens_table',1),
(10,'2022_03_10_031516_create_roles_table',1),
(11,'2022_03_10_054511_create_countries_table',1),
(12,'2022_03_11_045955_create_country_details_table',1),
(13,'2022_03_11_073658_create_cost_estimations_table',1),
(14,'2022_03_11_075106_create_images_table',1),
(15,'2022_03_11_075231_create_companies_table',1),
(16,'2022_03_11_094640_create_country_companies_table',1),
(17,'2022_03_14_033832_create_country_metadata_table',1),
(18,'2022_03_17_054945_create_country_references_table',1),
(19,'2022_03_28_075231_create_currency_rates_table',1),
(20,'2022_04_04_022510_create_jobs_table',1);

/*Table structure for table `oauth_access_tokens` */

DROP TABLE IF EXISTS `oauth_access_tokens`;

CREATE TABLE `oauth_access_tokens` (
  `id` varchar(100) COLLATE utf8mb4_unicode_ci NOT NULL,
  `user_id` bigint(20) unsigned DEFAULT NULL,
  `client_id` bigint(20) unsigned NOT NULL,
  `name` varchar(191) COLLATE utf8mb4_unicode_ci DEFAULT NULL,
  `scopes` text COLLATE utf8mb4_unicode_ci,
  `revoked` tinyint(1) NOT NULL,
  `created_at` timestamp NULL DEFAULT NULL,
  `updated_at` timestamp NULL DEFAULT NULL,
  `expires_at` datetime DEFAULT NULL,
  PRIMARY KEY (`id`),
  KEY `oauth_access_tokens_user_id_index` (`user_id`)
) ENGINE=InnoDB DEFAULT CHARSET=utf8mb4 COLLATE=utf8mb4_unicode_ci;

/*Data for the table `oauth_access_tokens` */

insert  into `oauth_access_tokens`(`id`,`user_id`,`client_id`,`name`,`scopes`,`revoked`,`created_at`,`updated_at`,`expires_at`) values 
('4c2f07a651a9f0416314179e1e371e5f292f32f773e0d24d6568f308f1f589cacddf2ea230e3cf0e',1,1,'GGTC CFS Admin API Access Token','[]',0,'2022-05-02 06:36:43','2022-05-02 06:36:43','2022-11-02 06:36:43'),
('cd4d6525b34a1b4b765bf7349cb6d049992b1d46c124f7daf87decb2c6850f8bd9a8da8d5733ff3e',1,1,'GGTC CFS Admin API Access Token','[]',0,'2022-05-02 06:38:00','2022-05-02 06:38:00','2022-11-02 06:38:00');

/*Table structure for table `oauth_auth_codes` */

DROP TABLE IF EXISTS `oauth_auth_codes`;

CREATE TABLE `oauth_auth_codes` (
  `id` varchar(100) COLLATE utf8mb4_unicode_ci NOT NULL,
  `user_id` bigint(20) unsigned NOT NULL,
  `client_id` bigint(20) unsigned NOT NULL,
  `scopes` text COLLATE utf8mb4_unicode_ci,
  `revoked` tinyint(1) NOT NULL,
  `expires_at` datetime DEFAULT NULL,
  PRIMARY KEY (`id`),
  KEY `oauth_auth_codes_user_id_index` (`user_id`)
) ENGINE=InnoDB DEFAULT CHARSET=utf8mb4 COLLATE=utf8mb4_unicode_ci;

/*Data for the table `oauth_auth_codes` */

/*Table structure for table `oauth_clients` */

DROP TABLE IF EXISTS `oauth_clients`;

CREATE TABLE `oauth_clients` (
  `id` bigint(20) unsigned NOT NULL AUTO_INCREMENT,
  `user_id` bigint(20) unsigned DEFAULT NULL,
  `name` varchar(191) COLLATE utf8mb4_unicode_ci NOT NULL,
  `secret` varchar(100) COLLATE utf8mb4_unicode_ci DEFAULT NULL,
  `provider` varchar(191) COLLATE utf8mb4_unicode_ci DEFAULT NULL,
  `redirect` text COLLATE utf8mb4_unicode_ci NOT NULL,
  `personal_access_client` tinyint(1) NOT NULL,
  `password_client` tinyint(1) NOT NULL,
  `revoked` tinyint(1) NOT NULL,
  `created_at` timestamp NULL DEFAULT NULL,
  `updated_at` timestamp NULL DEFAULT NULL,
  PRIMARY KEY (`id`),
  KEY `oauth_clients_user_id_index` (`user_id`)
) ENGINE=InnoDB AUTO_INCREMENT=3 DEFAULT CHARSET=utf8mb4 COLLATE=utf8mb4_unicode_ci;

/*Data for the table `oauth_clients` */

insert  into `oauth_clients`(`id`,`user_id`,`name`,`secret`,`provider`,`redirect`,`personal_access_client`,`password_client`,`revoked`,`created_at`,`updated_at`) values 
(1,NULL,'GGCTCFS Personal Access Client','FsqM1YbY3laIkd8uJgiTPH6F5sd7OGqjPfRRpJhr',NULL,'http://localhost',1,0,0,'2022-05-02 06:36:40','2022-05-02 06:36:40'),
(2,NULL,'GGCTCFS Password Grant Client','inNSq24xHC8OULKAcv2XaEA8aGIRBbVgupa5kqXX','users','http://localhost',0,1,0,'2022-05-02 06:36:40','2022-05-02 06:36:40');

/*Table structure for table `oauth_personal_access_clients` */

DROP TABLE IF EXISTS `oauth_personal_access_clients`;

CREATE TABLE `oauth_personal_access_clients` (
  `id` bigint(20) unsigned NOT NULL AUTO_INCREMENT,
  `client_id` bigint(20) unsigned NOT NULL,
  `created_at` timestamp NULL DEFAULT NULL,
  `updated_at` timestamp NULL DEFAULT NULL,
  PRIMARY KEY (`id`)
) ENGINE=InnoDB AUTO_INCREMENT=2 DEFAULT CHARSET=utf8mb4 COLLATE=utf8mb4_unicode_ci;

/*Data for the table `oauth_personal_access_clients` */

insert  into `oauth_personal_access_clients`(`id`,`client_id`,`created_at`,`updated_at`) values 
(1,1,'2022-05-02 06:36:40','2022-05-02 06:36:40');

/*Table structure for table `oauth_refresh_tokens` */

DROP TABLE IF EXISTS `oauth_refresh_tokens`;

CREATE TABLE `oauth_refresh_tokens` (
  `id` varchar(100) COLLATE utf8mb4_unicode_ci NOT NULL,
  `access_token_id` varchar(100) COLLATE utf8mb4_unicode_ci NOT NULL,
  `revoked` tinyint(1) NOT NULL,
  `expires_at` datetime DEFAULT NULL,
  PRIMARY KEY (`id`),
  KEY `oauth_refresh_tokens_access_token_id_index` (`access_token_id`)
) ENGINE=InnoDB DEFAULT CHARSET=utf8mb4 COLLATE=utf8mb4_unicode_ci;

/*Data for the table `oauth_refresh_tokens` */

/*Table structure for table `password_resets` */

DROP TABLE IF EXISTS `password_resets`;

CREATE TABLE `password_resets` (
  `email` varchar(191) COLLATE utf8mb4_unicode_ci NOT NULL,
  `token` varchar(191) COLLATE utf8mb4_unicode_ci NOT NULL,
  `created_at` timestamp NULL DEFAULT NULL,
  KEY `password_resets_email_index` (`email`)
) ENGINE=InnoDB DEFAULT CHARSET=utf8mb4 COLLATE=utf8mb4_unicode_ci;

/*Data for the table `password_resets` */

/*Table structure for table `personal_access_tokens` */

DROP TABLE IF EXISTS `personal_access_tokens`;

CREATE TABLE `personal_access_tokens` (
  `id` bigint(20) unsigned NOT NULL AUTO_INCREMENT,
  `tokenable_type` varchar(191) COLLATE utf8mb4_unicode_ci NOT NULL,
  `tokenable_id` bigint(20) unsigned NOT NULL,
  `name` varchar(191) COLLATE utf8mb4_unicode_ci NOT NULL,
  `token` varchar(64) COLLATE utf8mb4_unicode_ci NOT NULL,
  `abilities` text COLLATE utf8mb4_unicode_ci,
  `last_used_at` timestamp NULL DEFAULT NULL,
  `created_at` timestamp NULL DEFAULT NULL,
  `updated_at` timestamp NULL DEFAULT NULL,
  PRIMARY KEY (`id`),
  UNIQUE KEY `personal_access_tokens_token_unique` (`token`),
  KEY `personal_access_tokens_tokenable_type_tokenable_id_index` (`tokenable_type`,`tokenable_id`)
) ENGINE=InnoDB DEFAULT CHARSET=utf8mb4 COLLATE=utf8mb4_unicode_ci;

/*Data for the table `personal_access_tokens` */

/*Table structure for table `roles` */

DROP TABLE IF EXISTS `roles`;

CREATE TABLE `roles` (
  `id` bigint(20) unsigned NOT NULL AUTO_INCREMENT,
  `name` varchar(100) COLLATE utf8mb4_unicode_ci NOT NULL,
  `permissions` longtext COLLATE utf8mb4_unicode_ci,
  `created_at` timestamp NULL DEFAULT NULL,
  `updated_at` timestamp NULL DEFAULT NULL,
  `deleted_at` timestamp NULL DEFAULT NULL,
  PRIMARY KEY (`id`)
) ENGINE=InnoDB AUTO_INCREMENT=4 DEFAULT CHARSET=utf8mb4 COLLATE=utf8mb4_unicode_ci;

/*Data for the table `roles` */

insert  into `roles`(`id`,`name`,`permissions`,`created_at`,`updated_at`,`deleted_at`) values 
(1,'Superadmin',NULL,NULL,NULL,NULL),
(2,'Admin',NULL,NULL,NULL,NULL),
(3,'User',NULL,NULL,NULL,NULL);

/*Table structure for table `users` */

DROP TABLE IF EXISTS `users`;

CREATE TABLE `users` (
  `id` bigint(20) unsigned NOT NULL AUTO_INCREMENT,
  `first_name` varchar(191) COLLATE utf8mb4_unicode_ci NOT NULL,
  `middle_name` varchar(191) COLLATE utf8mb4_unicode_ci DEFAULT NULL,
  `last_name` varchar(191) COLLATE utf8mb4_unicode_ci NOT NULL,
  `username` varchar(100) COLLATE utf8mb4_unicode_ci DEFAULT NULL,
  `status` enum('Active','Inactive') COLLATE utf8mb4_unicode_ci NOT NULL DEFAULT 'Active',
  `email` varchar(100) COLLATE utf8mb4_unicode_ci NOT NULL,
  `email_verified_at` timestamp NULL DEFAULT NULL,
  `password` varchar(191) COLLATE utf8mb4_unicode_ci NOT NULL,
  `remember_token` varchar(100) COLLATE utf8mb4_unicode_ci DEFAULT NULL,
  `created_at` timestamp NULL DEFAULT NULL,
  `updated_at` timestamp NULL DEFAULT NULL,
  `deleted_at` timestamp NULL DEFAULT NULL,
  `role_id` bigint(20) unsigned NOT NULL,
  PRIMARY KEY (`id`),
  UNIQUE KEY `users_email_unique` (`email`),
  KEY `users_role_id_foreign` (`role_id`),
  CONSTRAINT `users_role_id_foreign` FOREIGN KEY (`role_id`) REFERENCES `roles` (`id`)
) ENGINE=InnoDB AUTO_INCREMENT=2 DEFAULT CHARSET=utf8mb4 COLLATE=utf8mb4_unicode_ci;

/*Data for the table `users` */

insert  into `users`(`id`,`first_name`,`middle_name`,`last_name`,`username`,`status`,`email`,`email_verified_at`,`password`,`remember_token`,`created_at`,`updated_at`,`deleted_at`,`role_id`) values 
(1,'admin',NULL,'cfs','admin','Active','admin@dbm.com',NULL,'$2y$10$eZ4OuGOqmjhvoIin6t0IN.2ZDwQG1sNhLXBFkUHfh1YpUczvTx0ce',NULL,'2022-05-02 06:36:28','2022-05-02 06:36:28',NULL,1);

/*!40101 SET SQL_MODE=@OLD_SQL_MODE */;
/*!40014 SET FOREIGN_KEY_CHECKS=@OLD_FOREIGN_KEY_CHECKS */;
/*!40014 SET UNIQUE_CHECKS=@OLD_UNIQUE_CHECKS */;
/*!40111 SET SQL_NOTES=@OLD_SQL_NOTES */;
